code_plantation,nom_accession,source,fichier_source
CIRAD1,2841,2024,CIRAD1-1-1.tif
CIRAD2,2848,2024,CIRAD2-1-2.tif
CIRAD3,2852,2024,CIRAD3-1-2.tif
CIRAD4,3168,aucune,
CIRAD5,3187,2024,CIRAD5-1-2.tif
CIRAD6,3202,2024,CIRAD6-1-3.tif
CIRAD7,3210,aucune,
CIRAD8,3233,2024,CIRAD8-1-2.tif
CIRAD9,3245,aucune,
CIRAD10,3255,2024,CIRAD10-2-2.tif
CIRAD11,3753,2024,CIRAD11-1-3.tif
CIRAD12,3764,2024,CIRAD12-1-2.tif
CIRAD13,3920,2024,CIRAD13-1-2.tif
CIRAD14,4113,2024,CIRAD14-1-2.tif
CIRAD15,4144,2024,CIRAD15-1-2.tif
CIRAD16,4147,aucune,
CIRAD17,4676,aucune,
CIRAD18,4838,2024,CIRAD18-1-2.tif
CIRAD19,4926,2024,CIRAD19-1-2.tif
CIRAD20,4948,2024,CIRAD20-1-3.tif
CIRAD21,3915,2023,3915-1-2.tif
CIRAD22,4048,2024,CIRAD22-1-2.tif
CIRAD23,4126,2024,CIRAD23-1-2.tif
CIRAD24,2861,2024,CIRAD24-1-2.tif
CIRAD25,2873,aucune,
CIRAD26,3128,2024,CIRAD26-1-1.tif
CIRAD27,3135,2024,CIRAD27-1-2.tif
CIRAD28,3249,aucune,
CIRAD29,3916,2024,CIRAD29-1-2.tif
CIRAD30,4046,aucune,
CIRAD31,4052,aucune,
CIRAD32,4128,2024,CIRAD32-1-2.tif
CIRAD34,4639,2024,CIRAD34-1-2.tif
CIRAD35,4956,aucune,
CIRAD36,5088,2024,CIRAD36-1-2.tif
CIRAD37,1006,2024,CIRAD37-1-2.tif
CIRAD38,1221,2024,CIRAD38-1-2.tif
CIRAD39,1186,2024,CIRAD39-1-2.tif
CIRAD40,3132,2024,CIRAD40-1-2.tif
CIRAD41,3203,2024,CIRAD41-1-3.tif
CIRAD42,3762,2024,CIRAD42-1-4.tif
CIRAD43,4929,2024,CIRAD43-1-3.tif
CIRAD44,2868,aucune,
CIRAD45,4042,2024,CIRAD45-1-3.tif
CIRAD46,1278,aucune,
CIRAD47,1326,2024,CIRAD47-1-2.tif
CIRAD48,1467,2024,CIRAD48-1-3.tif
CIRAD49,3150,2024,CIRAD49-1-2.tif
CIRAD50,4678,2024,CIRAD50-1-2.tif
CIRAD51,1414,2024,CIRAD51-1-2.tif
CIRAD52,1475,aucune,
CIRAD53,1247,2023,1247-1-2.tif
CIRAD54,1173,2024,CIRAD54-1-2.tif
CIRAD55,1328,aucune,
CIRAD56,1185,2024,CIRAD56-1-2.tif
CIRAD57,1372,aucune,
CIRAD58,2842,2024,CIRAD58-1-2.tif
CIRAD59,1371,aucune,
CIRAD60,4890,2024,CIRAD60-1-2.tif
CIRAD61,4941,2024,CIRAD61-1-2.tif
CIRAD62,5080,2024,CIRAD62-1-2.tif
CIRAD63,3805,2024,CIRAD63-1-2.tif
CIRAD64,4830,2024,CIRAD64-1-3.tif
CIRAD65,4878,2024,CIRAD65-1-2.tif
CIRAD66,4950,2024,CIRAD66-1-2.tif
CIRAD67,5140,2024,CIRAD67-1-2.tif
CIRAD68,3121,2024,CIRAD68-1-2.tif
CIRAD69,4823,2024,CIRAD69-1-1.tif
CIRAD70,2562,2024,CIRAD70-1-2.tif
CIRAD71,2866,aucune,
CIRAD72,3836,aucune,
CIRAD73,5146,2024,CIRAD73-1-2.tif
CIRAD74,3264,2024,CIRAD74-1-3.tif
CIRAD75,3702,2024,CIRAD75-1-2.tif
CIRAD76,3754,2024,CIRAD76-1-2.tif
CIRAD77,3912,2024,CIRAD77-1-2.tif
CIRAD78,AIA 445,2024,CIRAD78-1-2.tif
CIRAD79,Nouméa,aucune,
CIRAD80,DA 26,aucune,
CIRAD81,Telemaque,aucune,
CIRAD82,De agua,2024,CIRAD82-1-2.tif
CIRAD83,AIA 443,aucune,
CIRAD84,Sweet yam,aucune,
CIRAD85,DA 27,2024,CIRAD85-1-2.tif
CIRAD86,Brésil 1,2024,CIRAD86-1-3.tif
CIRAD87,Americano,2024,CIRAD87-1-2.tif
CIRAD88,St Domingue,2024,CIRAD88-1-2.tif
CIRAD90,Bacala 2,2024,CIRAD90-1-2.tif
CIRAD91,St Vincent Violet,2024,CIRAD91-1-2.tif
CIRAD92,Buet,2024,CIRAD92-1-2.tif
CIRAD93,Bacala 1,2024,CIRAD93-1-2.tif
CIRAD94,Morado,aucune,
CIRAD95,Wénéféla bis,2024,CIRAD95-1-2.tif
CIRAD96,Purple Lisbon,2024,CIRAD96-1-2.tif
CIRAD97,Renta Yam,aucune,
CIRAD98,Toro,2024,CIRAD98-1-3.tif
CIRAD99,SEA 184,aucune,
cirad30,,aucune,
cirad57,,aucune,
cirad80,,aucune,
cirad87,,2024,CIRAD87-1-2.tif
CIRAD100,Caillade 1,aucune,
CIRAD101,SEA 144,aucune,
CIRAD102,Tahiti messien,2024,CIRAD102-1-3.tif
CIRAD103,Ti Joseph 1,2024,CIRAD103-1-2.tif
CIRAD104,St Martin,2024,CIRAD104-1-2.tif
CIRAD105,A 19,2024,CIRAD105-1-1.tif
CIRAD106,Wabé,2024,CIRAD106-1-1.tif
CIRAD107,Tana,2024,CIRAD107-1-2.tif
CIRAD108,61F,2024,CIRAD108-1-2.tif
CIRAD109,MALALAGI (VU 639),2024,CIRAD109-1-2.tif
CIRAD110,H4X-200 (Rosette),2024,CIRAD110-1-2.tif
CIRAD111,TiBou/7F,2023,TI-BOU-1.tif
CIRAD112,Pacala Tardif,2023,PACALA-1.tif
CIRAD113,Vino Purple forme,aucune,
CIRAD114,Monoique,aucune,
CIRAD115,Mono 25-2,aucune,
CIRAD116,LABOKO,2024,CIRAD116-1-2.tif
CIRAD117,Coco,aucune,
CIRAD118,Belo,aucune,
CIRAD119,TiClair,aucune,
CIRAD120,14M,2024,CIRAD120-1-2.tif
CIRAD121,74F,2024,CIRAD121-1-3.tif
CIRAD122,A 14,2024,CIRAD122-1-2.tif
CIRAD123,A 17,2024,CIRAD123-1-2.tif
CIRAD124,A 2,2024,CIRAD124-1-2.tif
CIRAD125,A 21,2024,CIRAD125-1-2.tif
CIRAD126,A 22,2024,CIRAD126-1-2.tif
CIRAD127,A 24,2024,CIRAD127-1-2.tif
CIRAD128,A 6,2024,CIRAD128-1-3.tif
CIRAD129,A 9,2024,CIRAD129-1-2.tif
CIRAD130,Belep,2024,CIRAD130-1-2.tif
CIRAD131,Bete Bete,2024,CIRAD131-1-2.tif
CIRAD133,Boutou,2024,CIRAD133-1-2.tif
CIRAD134,Caplaou,2024,CIRAD134-1-2.tif
CIRAD135,Cinq,2024,CIRAD135-1-1.tif
CIRAD136,Divin,2024,CIRAD136-1-3.tif
CIRAD137,Dou - H4x431,2024,CIRAD137-1-1.tif
CIRAD138,Fénakué,2024,CIRAD138-1-2.tif
CIRAD139,Florido,2024,CIRAD139-1-1.tif
CIRAD140,Goana,2024,CIRAD140-1-2.tif
CIRAD141,Gordito,2023,GORDITO-1.tif
CIRAD142,Grand Etang,2024,CIRAD142-1-2.tif
CIRAD143,Grosse caille 3 mois,2024,CIRAD143-1-2.tif
CIRAD144,"H4X131, Cirabel",2024,CIRAD144-1-2.tif
CIRAD145,"H4X172, KREOLINE",2024,CIRAD145-1-3.tif
CIRAD146,"H4X274, Ticoli",2024,CIRAD146-1-2.tif
CIRAD147,HYB 30,2024,CIRAD147-1-3.tif
CIRAD148,HYB 5,2024,CIRAD148-1-2.tif
CIRAD149,HYB 6,2024,CIRAD149-1-2.tif
CIRAD150,Igname Jaune,2024,CIRAD150-1-1.tif
CIRAD151,INRA X 154,2024,CIRAD151-1-2.tif
CIRAD152,INRA15,2024,CIRAD152-1-3.tif
CIRAD153,Kabusa,2024,CIRAD153-1-1.tif
CIRAD154,Kinabayo,2024,CIRAD154-1-3.tif
CIRAD155,KL 21,2024,CIRAD155-1-2.tif
CIRAD156,Lac bleu 3,2024,CIRAD156-1-1.tif
CIRAD157,Manlankon,2024,CIRAD157-1-2.tif
CIRAD158,MP1 16H56,2024,CIRAD158-1-3.tif
CIRAD159,"Noulelcae, CT198",2024,CIRAD159-1-2.tif
CIRAD160,"Nureangdan, CT202",2024,CIRAD160-1-2.tif
CIRAD161,Oriental,2024,CIRAD161-1-2.tif
CIRAD162,Pacala,2024,CIRAD162-1-2.tif
CIRAD163,Pakutrany,2024,CIRAD163-1-2.tif
CIRAD164,"Peter, CT177",2024,CIRAD164-1-2.tif
CIRAD165,Plimbite,2024,CIRAD165-1-3.tif
CIRAD166,"Ptris, CT133",2024,CIRAD166-1-2.tif
CIRAD167,Pyramide,2024,CIRAD167-1-3.tif
CIRAD168,Roujol - H4x242,2024,CIRAD168-1-2.tif
CIRAD169,Sea 190,2023,SEA190-1.tif
CIRAD170,Sinoua CT160,2024,CIRAD170-1-2.tif
CIRAD171,St Vincent blanc,2024,CIRAD171-1-2.tif
CIRAD172,TiViolet - H4x105,2024,CIRAD172-1-2.tif
CIRAD173,Toki (SEA 119),2024,CIRAD173-1-2.tif
CIRAD174,"Toufi Tetea, CT148",2024,CIRAD174-1-2.tif
CIRAD175,Wassa,2024,CIRAD175-1-2.tif
CIRAD176,CIRAD235,2024,CIRAD176-1-2.tif
CIRAD177,KARUKERA,2024,CIRAD177-1-2.tif
CIRAD178,DESIRABLE,2024,CIRAD178-1-2.tif
CIRAD179,TROPICAL,2024,CIRAD179-1-2.tif
CIRAD180,REGIONAL,2024,CIRAD180-1-3.tif
CIRAD181,DEFI,2024,CIRAD181-1-2.tif
CIRAD182,C5,2024,CIRAD182-1-3.tif
CIRAD183,Evolution,2024,CIRAD183-1-3.tif
CIRAD184,CIR-B037,aucune,
CIRAD185,CIR-B051,2024,CIRAD185-1-2.tif
CIRAD186,CIR-B120,2023,CIR-B120-1.tif
CIRAD187,CIR-B016,aucune,
CIRAD188,CIR-B202,2024,CIRAD188-1-2.tif
CIRAD189,CIR-B185,2024,CIRAD189-1-2.tif
CIRAD190,CIR-B214,2024,CIRAD190-1-3.tif
CIRAD191,CIR-B151,2024,CIRAD191-1-2.tif
CIRAD192,CIR-C100,aucune,
CIRAD193,CIR-C101,aucune,
CIRAD194,CIR-C102,aucune,
CIRAD195,CIR-C103,aucune,
CIRAD196,CIR-C104,aucune,
CIRAD198,CIR-K050,aucune,
CIRAD199,CIR-K051,aucune,
CIRAD200,CIR-K052,aucune,
CIRAD201,4638,aucune,
CIRAD202,4938,2024,CIRAD202-1-2.tif
CIRAD203,CIR-D050,aucune,
CIRAD204,Pas possible,2024,CIRAD204-1-2.tif
CIRAD205,,2024,CIRAD205-1-2.tif
CIRAD206,,aucune,
CIRAD207,CHIYAZI,2024,CIRAD207-1-4.tif
CIRAD208,CIR-B244,2024,CIRAD208-1-2.tif
CIRAD209,CIR-D030,aucune,
CIRAD210,Ruby,2024,CIRAD210-1-2.tif
CIRAD211,Ado,2024,CIRAD211-1-3.tif
CIRAD212,CIRADO,2024,CIRAD212-1-2.tif
CIRAD213,Elie,2024,CIRAD213-1-3.tif
CIRAD214,Hana,2024,CIRAD214-1-3.tif
CIRAD215,Gwadikera,2024,CIRAD215-1-3.tif
CIRAD216,CRB68-bis,2024,CIRAD216-1-2.tif
CIRAD217,CIRAD217,2024,CIRAD217-1-3.tif
CIRAD218,74F-violet,2024,CIRAD218-1-3.tif
CIRAD219,PAS POSSIBLE (nouveau),2024,CIRAD219-1-2.tif
CIRAD220,Patte à cheval,2024,CIRAD220-1-7.tif
CIRAD221,Luc GC,aucune,
CIRAD222,Mgs 5,2024,CIRAD222-1-1.tif
CIRAD223,OP3,2024,CIRAD223-1-2.tif
CIRAD224,Adon-CRB,2024,CIRAD224-1-1.tif
CIRAD225,Réunion,2024,CIRAD225-1-2.tif
CIRAD226,Thuma,2024,CIRAD226-1-2.tif
CIRAD227,Name de Papa,2024,CIRAD227-1-2.tif
CIRAD228,Assam,2024,CIRAD228-1-2.tif
CIRAD229,Spindle,2024,CIRAD229-1-2.tif
CIRAD230,Pas possible IRAT,2024,CIRAD230-1-2.tif
CIRAD231,SEA 273,2024,CIRAD231-1-1.tif
CIRAD232,ZAMEY,2024,CIRAD232-1-2.tif
CIRAD233,CI-GWA,2024,CIRAD233-1-3.tif
CIRAD234,CITOYENNE,2024,CIRAD234-1-2.tif
CIRAD235,Autofécondation-74F-3,aucune,
CIRAD236,Autofécondation-DOU-1,2024,CIRAD236-1-3.tif
CIRAD237,Autofécondation-DOU-2,2024,CIRAD237-1-2.tif
CIRAD238,Autofécondation-DOU-3,2024,CIRAD238-1-2.tif
CIRAD239,Autofécondation-DOU-4,2024,CIRAD239-1-1.tif
CIRAD240,Autofécondation-DOU-5,2024,CIRAD240-1-1.tif
CIRAD241,Autofécondation-61F-1,2024,CIRAD241-1-3.tif
CIRAD242,Autofécondation-61F-2,2024,CIRAD242-1-2.tif
CIRAD243,Autofécondation-61F-3,2024,CIRAD243-1-3.tif
CIRAD244,Autofécondation-61F-4,2024,CIRAD244-1-2.tif
CIRAD245,Autofécondation61F-5,2024,CIRAD245-1-2.tif
CIRAD246,Autofécondation-KREOLINE-1,2024,CIRAD246-1-3.tif
CIRAD247,Autofécondation-KREOLINE-3,2024,CIRAD247-1-2.tif
CIRAD248,Autofécondation-KREOLINE-4,2024,CIRAD248-1-2.tif
CIRAD249,Autofécondation-KREOLINE-5,2024,CIRAD249-1-2.tif
CIRAD251,CIR-C-103,aucune,
CIRAD252,CIR-L037,aucune,
CIRAD253,CIR-B079,aucune,
CIRAD254,CIR-B142,aucune,
CIRAD255,CIR-A071,aucune,
CIRAD257,CIR-K032,aucune,
CIRAD258,CIR-P006,aucune,
CIRAD261,CIR-A25,aucune,
CIRAD262,CIR-D036,aucune,
CIRAD263,,aucune,
CIRAD264,,aucune,
CIRAD265,3253,aucune,
CIRAD266,,aucune,
CIRAD267,,aucune,
CIRAD268,CIR-C052,aucune,
CIRAD269,,aucune,
CIRAD271,,aucune,
CIRAD272,,aucune,
CIRAD273,,aucune,
CIRAD274,,aucune,
CIRAD275,,aucune,
CIRAD276,,aucune,
CIRAD277,,aucune,
CIRAD278,,aucune,
CIRAD279,Amoumbé 1,aucune,
CIRAD280,grosse caille jaune,2023,GROSSE-CAILLE-1.tif
CIRAD300,CIRAD300,aucune,
CIRAD301,Igname jaune CIRAD,2023,IGNAME JAUNE-1.tif
CIRAD302,14M-AND-001,2023,14M-1.tif
CIRAD303,14M-AND-002,2023,14M-1.tif
CIRAD304,IJ-AND-001,aucune,
CIRAD305,iJ-AND-002,aucune,
cirad111,,aucune,
cirad112,,aucune,
cirad116,,2024,CIRAD116-1-2.tif
cirad204,,2024,CIRAD204-1-2.tif
cirad207,,2024,CIRAD207-1-4.tif
cirad218,,2024,CIRAD218-1-3.tif
cirad219,,2024,CIRAD219-1-2.tif
cirad220,,2024,CIRAD220-1-7.tif
cirad221,,aucune,
cirad222,,2024,CIRAD222-1-1.tif
cirad223,,2024,CIRAD223-1-2.tif
cirad224,,2024,CIRAD224-1-1.tif
cirad225,,2024,CIRAD225-1-2.tif
cirad228,,2024,CIRAD228-1-2.tif
cirad230,,2024,CIRAD230-1-2.tif
cirad232,,2024,CIRAD232-1-2.tif
cirad233,,2024,CIRAD233-1-3.tif
cirad235,,aucune,
cirad238,,2024,CIRAD238-1-2.tif
cirad243,,2024,CIRAD243-1-3.tif
cirad244,,2024,CIRAD244-1-2.tif
cirad245,,2024,CIRAD245-1-2.tif
cirad246,,2024,CIRAD246-1-3.tif
cirad247,,2024,CIRAD247-1-2.tif
cirad248,,2024,CIRAD248-1-2.tif
cirad257,,aucune,
cirad265,,aucune,
cirad269,,aucune,
cirad271,,aucune,
cirad272,,aucune,
cirad273,,aucune,
cirad275,,aucune,
cirad276,,aucune,
cirad277,,aucune,
cirad300,,aucune,
cirad301,,aucune,
