nom,cat,file,w,h,mp,bright,sharp,flag_flou,flag_sombre,flag_clair,flag_lowres,suspecte
74F,Tubercule,CIRAD_121.JPG,1024,683,0.7,41.2,587.2,False,True,False,False,True
TiViolet - H4x105,Tranche,42a57801aa8b3cca8ebd8f8921acc8861701371911.JPG,480,640,0.31,180.8,346.4,False,False,False,True,True
14M,Tubercule,CIRAD_120.JPG,1024,683,0.7,37.8,520.1,False,True,False,False,True
14M,Tranche,e3b1b4289f5d0f6c652ed0b53d0f3ac51713886171.JPG,1632,1224,2.0,125.6,165.6,False,False,False,False,False
74F,Tranche,925d2853b09a23d4b525104b3fb26c3e1713886536.JPG,1632,1224,2.0,128.4,234.4,False,False,False,False,False
74F,Feuille,6dc14181de269f2c2cc831eb1cc4298b1713886594.JPG,6000,4000,24.0,126.7,168.6,False,False,False,False,False
74F,Feuille,9fd0551ea4ba5cfcf1eb4e2db764c8b51713886636.JPG,6000,4000,24.0,135.6,248.5,False,False,False,False,False
Dou - H4x431,Tubercule,9b54d7c21aff42049ddaf2fe959063781713886990.JPG,1632,1224,2.0,141.7,779.2,False,False,False,False,False
TiViolet - H4x105,Tubercule,CIRAD_172.JPG,1024,683,0.7,45.9,548.6,False,True,False,False,True
TiViolet - H4x105,Feuille,3da5c2a6148beae5c37d9af43fb06d131713887470.JPG,6000,4000,24.0,163.2,208.4,False,False,False,False,False
TiViolet - H4x105,Feuille,d1b683880cbc09ca3664a481ef7f519c1713887503.JPG,6000,4000,24.0,165.5,238.3,False,False,False,False,False
Dou - H4x431,Feuille,45b93704e1e1117444c456cb3ec4c27e1724969019.JPG,6000,4000,24.0,165.8,198.6,False,False,False,False,False
Dou - H4x431,Feuille,9c2342bec9037034f9f8896220a919a41724969203.JPG,6000,4000,24.0,156.1,430.5,False,False,False,False,False
4830,Feuille,83611c65ed2e52b48494237393905bab1725023106.JPG,6000,4000,24.0,160.4,123.7,False,False,False,False,False
4830,Feuille,5bafb0dde91952e1e0d18c6ceac3cb161725023186.JPG,4000,6000,24.0,162.2,129.4,False,False,False,False,False
3150,Feuille,607750fc7d41a4be7b22539661f4784d1725025520.JPG,6000,4000,24.0,158.8,219.0,False,False,False,False,False
2861,Tubercule,59b1b5248f1c6112d37bb96166f9a0191725026379.JPG,6000,4000,24.0,44.5,528.8,False,True,False,False,True
2861,Tranche,59b1b5248f1c6112d37bb96166f9a0191725026429.JPG,6000,4000,24.0,44.5,528.8,False,True,False,False,True
2861,Feuille,29d13bf82db63c9170fc2dc0a901358f1725026536.JPG,6000,4000,24.0,162.1,293.6,False,False,False,False,False
2861,Feuille,284bfa8ddf8c846c1f8a93a3892b862c1725026572.JPG,6000,4000,24.0,180.2,465.3,False,False,False,False,False
Kabusa,Feuille,98711a7c5fe4331bd5742da1c63bebf71725027361.JPG,6000,4000,24.0,182.3,165.0,False,False,False,False,False
Kabusa,Feuille,5c8d2e1656f9ccee4f356a62ef51be691725027399.JPG,6000,4000,24.0,153.7,143.9,False,False,False,False,False
H4X-200 (Rosette),Feuille,2d9cebe961c732cb0c471ff3abe0d3ff1725027944.JPG,6000,4000,24.0,149.5,170.8,False,False,False,False,False
H4X-200 (Rosette),Feuille,a58f2edbc93aa5b85470cb0a44cb29201725027982.JPG,6000,4000,24.0,147.0,125.0,False,False,False,False,False
Tana,Feuille,85671a6d252cb9b142959740a24c40161725031176.JPG,6000,4000,24.0,159.1,297.7,False,False,False,False,False
Tana,Feuille,353aad5421e3a59f6a894f03159efba61725031204.JPG,4000,6000,24.0,173.4,436.3,False,False,False,False,False
"Noulelcae, CT198",Feuille,c73a9fe66491ebc75aff9ce35de129311725031867.JPG,6000,4000,24.0,171.5,277.4,False,False,False,False,False
"Noulelcae, CT198",Feuille,28e8bba78ff92ebdc5625d9abe4857101725031914.JPG,6000,4000,24.0,180.6,460.8,False,False,False,False,False
1414,Feuille,5dd882203408c39d9ea99e3b05ca2f091725032250.JPG,6000,4000,24.0,157.7,312.4,False,False,False,False,False
1414,Feuille,d77630e8e1e9ccb4a499713ea715da0e1725032287.JPG,6000,4000,24.0,176.2,524.3,False,False,False,False,False
CIR-B185,Feuille,585d04d5314aea8d13c5efde37e994571725458138.JPG,6000,4000,24.0,132.8,109.6,False,False,False,False,False
CIR-B185,Feuille,8e28c05a2abb907c20e1e240687e3cbf1725458163.JPG,6000,4000,24.0,138.8,95.7,False,False,False,False,False
Evolution,Tubercule,8933d08d8c1e403ade7c5909bc6abdb81725458647.JPG,6000,4000,24.0,41.2,432.4,False,True,False,False,True
Evolution,Tranche,8933d08d8c1e403ade7c5909bc6abdb81725458705.JPG,6000,4000,24.0,41.2,432.4,False,True,False,False,True
2841,Tubercule,4009c34cf84121bd89d48641c98afcb61727708788.JPG,6000,4000,24.0,35.8,458.2,False,True,False,False,True
2841,Tranche,4009c34cf84121bd89d48641c98afcb61727708803.JPG,6000,4000,24.0,35.8,458.2,False,True,False,False,True
2848,Tubercule,4611b5f43a3a9a4e9607d6eda4df60b91727711621.JPG,6000,4000,24.0,40.9,669.9,False,True,False,False,True
2848,Tranche,4611b5f43a3a9a4e9607d6eda4df60b91727711668.JPG,6000,4000,24.0,40.9,669.9,False,True,False,False,True
2852,Tubercule,faa0cf900a02b105b9391180faae45651727711729.JPG,6000,4000,24.0,38.3,498.7,False,True,False,False,True
2852,Tranche,3a55f4045d9a71d9c69e7788b25ba6131727711885.JPG,6000,4000,24.0,38.5,497.7,False,True,False,False,True
3168,Tubercule,3688f4bd648df884ece975bda0ff4ac71727711929.JPG,6000,4000,24.0,43.1,630.8,False,True,False,False,True
3168,Tranche,3688f4bd648df884ece975bda0ff4ac71727712502.JPG,6000,4000,24.0,43.1,630.8,False,True,False,False,True
3187,Tubercule,3d20b0d62f94d21ea647cf7e1eac9d391727712554.JPG,6000,4000,24.0,37.4,491.9,False,True,False,False,True
3187,Tranche,3d20b0d62f94d21ea647cf7e1eac9d391727712577.JPG,6000,4000,24.0,37.4,491.9,False,True,False,False,True
3753,Tubercule,46967f104bbaa331f0aa10b795f543b21727712720.JPG,6000,4000,24.0,35.1,489.8,False,True,False,False,True
3753,Tranche,46967f104bbaa331f0aa10b795f543b21727712761.JPG,6000,4000,24.0,35.1,489.8,False,True,False,False,True
3764,Tubercule,f508e19ab5095a27c404fa3b35f7ea3f1727712990.JPG,6000,4000,24.0,40.1,700.4,False,True,False,False,True
3764,Tranche,f508e19ab5095a27c404fa3b35f7ea3f1727713016.JPG,6000,4000,24.0,40.1,700.4,False,True,False,False,True
3920,Tubercule,3e80740b7a137fcc253f9ba5a85d259f1727713056.JPG,6000,4000,24.0,40.9,650.3,False,True,False,False,True
3920,Tranche,3e80740b7a137fcc253f9ba5a85d259f1727713081.JPG,6000,4000,24.0,40.9,650.3,False,True,False,False,True
4113,Tubercule,13da492fb4767680b9f6e9c71cd212171727713130.JPG,6000,4000,24.0,40.1,601.3,False,True,False,False,True
4144,Tubercule,7182458830bdc25f2d95ea45ad79d2941727790122.JPG,6000,4000,24.0,38.2,451.7,False,True,False,False,True
4144,Tranche,7182458830bdc25f2d95ea45ad79d2941727790165.JPG,6000,4000,24.0,38.2,451.7,False,True,False,False,True
4838,Tubercule,b256e8045da762de005f44bb5dab0bc81727790277.JPG,6000,4000,24.0,37.5,594.6,False,True,False,False,True
4838,Tranche,b256e8045da762de005f44bb5dab0bc81727790312.JPG,6000,4000,24.0,37.5,594.6,False,True,False,False,True
4926,Tubercule,bfe0d5d1c8d784a5a5ec4c0cd5ee728f1727790433.JPG,6000,4000,24.0,39.2,563.6,False,True,False,False,True
4926,Tranche,bfe0d5d1c8d784a5a5ec4c0cd5ee728f1727790595.JPG,6000,4000,24.0,39.2,563.6,False,True,False,False,True
4948,Tubercule,5a095b7510d999e6e49c15d41b9f9be01727790637.JPG,6000,4000,24.0,42.2,620.4,False,True,False,False,True
4948,Tranche,5a095b7510d999e6e49c15d41b9f9be01727790659.JPG,6000,4000,24.0,42.2,620.4,False,True,False,False,True
3915,Tubercule,0cc76a8333f8cd92733832fb5a004f291727790698.JPG,6000,4000,24.0,43.2,676.4,False,True,False,False,True
4048,Tubercule,d0a2e7c3d72fadf822a81135e5981e4b1727790818.JPG,6000,4000,24.0,37.7,539.8,False,True,False,False,True
4048,Tubercule,d0a2e7c3d72fadf822a81135e5981e4b1727790834.JPG,6000,4000,24.0,37.7,539.8,False,True,False,False,True
4048,Tranche,d0a2e7c3d72fadf822a81135e5981e4b1727790867.JPG,6000,4000,24.0,37.7,539.8,False,True,False,False,True
3915,Tranche,bb6adc6ae3265454bbb514f0a3408fac1727790916.JPG,6000,4000,24.0,38.3,527.6,False,True,False,False,True
4126,Tubercule,36c34b687793116b14081d54722387771727791043.JPG,6000,4000,24.0,40.3,680.1,False,True,False,False,True
4126,Tranche,36c34b687793116b14081d54722387771727791082.JPG,6000,4000,24.0,40.3,680.1,False,True,False,False,True
3128,Tubercule,48473d26db45f2609cb1aa09ef0a0d761727791391.JPG,6000,4000,24.0,42.0,535.7,False,True,False,False,True
3135,Tubercule,273c2a9748d274054e2d14327d34b3601727791623.JPG,6000,4000,24.0,40.7,614.2,False,True,False,False,True
3916,Tubercule,fb4c0fdf2317f3819e8e2c1b5f2817ea1727793284.JPG,6000,4000,24.0,41.0,613.3,False,True,False,False,True
3916,Tranche,fb4c0fdf2317f3819e8e2c1b5f2817ea1727794140.JPG,6000,4000,24.0,41.0,613.3,False,True,False,False,True
4128,Tubercule,32b724e186b1ab9750cb449e0250385b1727794269.JPG,6000,4000,24.0,34.8,451.2,False,True,False,False,True
4128,Tranche,32b724e186b1ab9750cb449e0250385b1727794297.JPG,6000,4000,24.0,34.8,451.2,False,True,False,False,True
4639,Tubercule,2c50be1c825294dda508808bd04711d31727872531.JPG,6000,4000,24.0,43.3,656.8,False,True,False,False,True
4639,Tranche,2c50be1c825294dda508808bd04711d31727872556.JPG,6000,4000,24.0,43.3,656.8,False,True,False,False,True
5088,Tubercule,f5b7e4f3fc12930d80bda0f5c67744ed1727872618.JPG,6000,4000,24.0,42.5,668.7,False,True,False,False,True
5088,Tranche,f5b7e4f3fc12930d80bda0f5c67744ed1727872655.JPG,6000,4000,24.0,42.5,668.7,False,True,False,False,True
1006,Tubercule,1eb157d0c5f05044c1bb211131fa0a6b1727961100.JPG,1024,683,0.7,42.5,699.5,False,True,False,False,True
1006,Tranche,1eb157d0c5f05044c1bb211131fa0a6b1727961108.JPG,1024,683,0.7,42.5,699.5,False,True,False,False,True
1221,Tubercule,188fc3124e44f72921cf7a3a0f61c37b1727963106.JPG,1024,683,0.7,32.4,385.6,False,True,False,False,True
1221,Tranche,188fc3124e44f72921cf7a3a0f61c37b1727963118.JPG,1024,683,0.7,32.4,385.6,False,True,False,False,True
1186,Tubercule,88889f719e3da3726580adc8a7f69b661727963168.JPG,1024,683,0.7,35.2,453.2,False,True,False,False,True
1186,Tranche,88889f719e3da3726580adc8a7f69b661727963181.JPG,1024,683,0.7,35.2,453.2,False,True,False,False,True
3132,Tubercule,f6bc6eb5af56252f35d4ac6537b7ad811727963458.JPG,1024,683,0.7,41.3,519.9,False,True,False,False,True
3132,Tranche,ce693b8e0bf9131ba1ee7269550f5ed41727963485.JPG,1024,683,0.7,38.1,511.3,False,True,False,False,True
3203,Tubercule,64ae8e4e6a63b1c965f358a2d1f6f85e1727963518.JPG,1024,683,0.7,34.1,479.5,False,True,False,False,True
3203,Tranche,64ae8e4e6a63b1c965f358a2d1f6f85e1727963527.JPG,1024,683,0.7,34.1,479.5,False,True,False,False,True
3762,Tubercule,8322074b9e6de732a544125bb2dfde5f1727963546.JPG,1024,683,0.7,37.9,559.3,False,True,False,False,True
3762,Tranche,8322074b9e6de732a544125bb2dfde5f1727963554.JPG,1024,683,0.7,37.9,559.3,False,True,False,False,True
4929,Tubercule,8bfac8ce8e0bb09ab33fc5391c7fd3001727963574.JPG,1024,683,0.7,50.3,849.8,False,True,False,False,True
4929,Tranche,8bfac8ce8e0bb09ab33fc5391c7fd3001727963584.JPG,1024,683,0.7,50.3,849.8,False,True,False,False,True
4042,Tubercule,3cdda50655bb7e26730aff7b6d0fa4e61727963696.JPG,1024,683,0.7,35.8,473.2,False,True,False,False,True
4042,Tranche,3487835a5433228e9ae67ab7a8787cb81727963718.JPG,1024,683,0.7,46.5,891.0,False,True,False,False,True
1326,Tubercule,ec821b837d97983c5cb3c81b7da9ac211727963786.JPG,1024,683,0.7,43.2,440.9,False,True,False,False,True
1326,Tranche,ec821b837d97983c5cb3c81b7da9ac211727963797.JPG,1024,683,0.7,43.2,440.9,False,True,False,False,True
1467,Tubercule,c887f83bc9c0c9df7f7fd173a858ad3f1727963819.JPG,1024,683,0.7,45.5,948.8,False,True,False,False,True
1467,Tranche,c887f83bc9c0c9df7f7fd173a858ad3f1727963828.JPG,1024,683,0.7,45.5,948.8,False,True,False,False,True
3150,Tubercule,23a8c888bff2f06f9ec26f5da4d6d9631727963879.JPG,1024,683,0.7,41.2,532.4,False,True,False,False,True
3150,Tranche,23a8c888bff2f06f9ec26f5da4d6d9631727963899.JPG,1024,683,0.7,41.2,532.4,False,True,False,False,True
4678,Tubercule,4b733e9714da30936f5f0d25b3282b531727963920.JPG,1024,683,0.7,38.0,449.3,False,True,False,False,True
4678,Tranche,4b733e9714da30936f5f0d25b3282b531727963931.JPG,1024,683,0.7,38.0,449.3,False,True,False,False,True
1414,Tubercule,f6fbc7c0f3a93f1559934763364a80bd1727964013.JPG,1024,683,0.7,38.6,498.5,False,True,False,False,True
1414,Tranche,f6fbc7c0f3a93f1559934763364a80bd1727964024.JPG,1024,683,0.7,38.6,498.5,False,True,False,False,True
1475,Tubercule,6a30c3e999186df1d5422c622a1dd4791727964042.JPG,1024,683,0.7,34.2,476.2,False,True,False,False,True
1475,Tranche,6a30c3e999186df1d5422c622a1dd4791727964051.JPG,1024,683,0.7,34.2,476.2,False,True,False,False,True
1247,Tubercule,4345c9946e902d3b1e159675f5da57e91727964077.JPG,1024,683,0.7,36.6,448.8,False,True,False,False,True
1247,Tranche,4345c9946e902d3b1e159675f5da57e91727964091.JPG,1024,683,0.7,36.6,448.8,False,True,False,False,True
1185,Tubercule,9a0640745d8ff6a67307a0a109e7562e1727964158.JPG,1024,683,0.7,36.1,445.6,False,True,False,False,True
1185,Tranche,9a0640745d8ff6a67307a0a109e7562e1727964171.JPG,1024,683,0.7,36.1,445.6,False,True,False,False,True
2842,Tubercule,9378f2453b18c42eab669abba41cafe41727964202.JPG,1024,683,0.7,46.5,672.3,False,True,False,False,True
2842,Tranche,9378f2453b18c42eab669abba41cafe41727964209.JPG,1024,683,0.7,46.5,672.3,False,True,False,False,True
4890,Tubercule,e129b5fb0ec77e8e66689be86c3e02211727964235.JPG,1024,683,0.7,36.3,478.3,False,True,False,False,True
4890,Tranche,e129b5fb0ec77e8e66689be86c3e02211727964245.JPG,1024,683,0.7,36.3,478.3,False,True,False,False,True
4941,Tubercule,ded6b235da25b15520971f6a9d9780121727964266.JPG,1024,683,0.7,42.5,584.2,False,True,False,False,True
4941,Tranche,ded6b235da25b15520971f6a9d9780121727964276.JPG,1024,683,0.7,42.5,584.2,False,True,False,False,True
5080,Tubercule,e3f0c0a724a4d274ba8aad0153a484551727964294.JPG,1024,683,0.7,37.5,474.5,False,True,False,False,True
5080,Tranche,e3f0c0a724a4d274ba8aad0153a484551727964306.JPG,1024,683,0.7,37.5,474.5,False,True,False,False,True
3805,Tubercule,cb655f42b29d7728c906a7b0a52033ea1727964332.JPG,1024,683,0.7,37.3,468.1,False,True,False,False,True
3805,Tranche,cb655f42b29d7728c906a7b0a52033ea1727964341.JPG,1024,683,0.7,37.3,468.1,False,True,False,False,True
4830,Tubercule,54ab1d52fb600f02eb32c324da04d1541727964405.JPG,1024,683,0.7,42.9,626.7,False,True,False,False,True
4830,Tranche,54ab1d52fb600f02eb32c324da04d1541727964414.JPG,1024,683,0.7,42.9,626.7,False,True,False,False,True
4878,Tubercule,06e56036ddd075b20bfacd5fa1d2b8fb1727964434.JPG,1024,683,0.7,37.8,442.8,False,True,False,False,True
4878,Tranche,06e56036ddd075b20bfacd5fa1d2b8fb1727964441.JPG,1024,683,0.7,37.8,442.8,False,True,False,False,True
4950,Tubercule,d6ff474d8c17aad11d347a3f602924aa1727964464.JPG,1024,683,0.7,38.5,546.8,False,True,False,False,True
4950,Tranche,d6ff474d8c17aad11d347a3f602924aa1727964472.JPG,1024,683,0.7,38.5,546.8,False,True,False,False,True
5140,Tubercule,c5f4a43527c8b98619691e62ac9404f21727964509.JPG,1024,683,0.7,43.6,542.1,False,True,False,False,True
5140,Tranche,c5f4a43527c8b98619691e62ac9404f21727964520.JPG,1024,683,0.7,43.6,542.1,False,True,False,False,True
3121,Tubercule,6d1290a70c998b1af0803d36b17a8bf11727964543.JPG,1024,683,0.7,40.8,576.5,False,True,False,False,True
4823,Tubercule,3379b9fadf7c0c22ba361c3cfacf3ada1727964565.JPG,1024,683,0.7,36.9,455.0,False,True,False,False,True
4823,Tranche,3379b9fadf7c0c22ba361c3cfacf3ada1727964574.JPG,1024,683,0.7,36.9,455.0,False,True,False,False,True
2562,Tubercule,b881e7aa99827b926a1b0e540785cde91727964595.JPG,1024,683,0.7,36.7,557.7,False,True,False,False,True
2562,Tranche,b881e7aa99827b926a1b0e540785cde91727964605.JPG,1024,683,0.7,36.7,557.7,False,True,False,False,True
5146,Tubercule,617b3a9f3257dfe2869c741f75fcc0ae1727964632.JPG,1024,683,0.7,38.4,439.5,False,True,False,False,True
5146,Tranche,617b3a9f3257dfe2869c741f75fcc0ae1727964641.JPG,1024,683,0.7,38.4,439.5,False,True,False,False,True
3264,Tubercule,8d84318a806f7ff7c5d7f58ba499b9ea1727964669.JPG,1024,683,0.7,38.0,494.8,False,True,False,False,True
3264,Tranche,8d84318a806f7ff7c5d7f58ba499b9ea1727964687.JPG,1024,683,0.7,38.0,494.8,False,True,False,False,True
3702,Tubercule,149ce810903642d855917a1f66b4dd4a1727964967.JPG,1024,683,0.7,36.5,484.9,False,True,False,False,True
3702,Tranche,149ce810903642d855917a1f66b4dd4a1727964974.JPG,1024,683,0.7,36.5,484.9,False,True,False,False,True
3754,Tubercule,b73539616e0e2bb188451c50187e4d5f1727966534.JPG,1024,683,0.7,39.7,494.7,False,True,False,False,True
3754,Tranche,b73539616e0e2bb188451c50187e4d5f1727966540.JPG,1024,683,0.7,39.7,494.7,False,True,False,False,True
3912,Tubercule,27eec18af5e2fde6ba496c98eed83fb81727966559.JPG,1024,683,0.7,38.5,481.2,False,True,False,False,True
3912,Tranche,27eec18af5e2fde6ba496c98eed83fb81727966569.JPG,1024,683,0.7,38.5,481.2,False,True,False,False,True
AIA 445,Tubercule,d74d1da35d20c081c0a9fd1353df29021727966638.JPG,1024,683,0.7,37.5,461.8,False,True,False,False,True
AIA 445,Tranche,d74d1da35d20c081c0a9fd1353df29021727966644.JPG,1024,683,0.7,37.5,461.8,False,True,False,False,True
DA 27,Tubercule,f2ba15fa3db0b08e285c9ae679f83daf1727968593.JPG,1024,683,0.7,39.9,578.7,False,True,False,False,True
DA 27,Tranche,f2ba15fa3db0b08e285c9ae679f83daf1727968601.JPG,1024,683,0.7,39.9,578.7,False,True,False,False,True
Brésil 1,Tubercule,344465cde9cf7f3ee120f32525433a361727968627.JPG,1024,683,0.7,36.3,523.7,False,True,False,False,True
Brésil 1,Tranche,344465cde9cf7f3ee120f32525433a361727968635.JPG,1024,683,0.7,36.3,523.7,False,True,False,False,True
St Domingue,Tubercule,7673c5e573168d50fd5aa059e2c74bec1727971454.JPG,1024,683,0.7,35.8,432.1,False,True,False,False,True
St Domingue,Tranche,7673c5e573168d50fd5aa059e2c74bec1727971461.JPG,1024,683,0.7,35.8,432.1,False,True,False,False,True
Bacala 2,Tubercule,c7f44a923bf94efab70be225f92a13f71727971575.JPG,1024,683,0.7,36.4,472.2,False,True,False,False,True
Bacala 2,Tranche,c7f44a923bf94efab70be225f92a13f71727971583.JPG,1024,683,0.7,36.4,472.2,False,True,False,False,True
De agua,Tubercule,f775012adc1b5102996d5b4651015b731727971615.JPG,1024,683,0.7,35.6,504.6,False,True,False,False,True
De agua,Tranche,f775012adc1b5102996d5b4651015b731727971626.JPG,1024,683,0.7,35.6,504.6,False,True,False,False,True
St Vincent Violet,Tubercule,ae8be5c474e30fed9372aacade742e1e1727971650.JPG,1024,683,0.7,37.7,498.2,False,True,False,False,True
St Vincent Violet,Tranche,ae8be5c474e30fed9372aacade742e1e1727971658.JPG,1024,683,0.7,37.7,498.2,False,True,False,False,True
Buet,Tubercule,f5ae24b83c3612c00bd9010dae44ffcb1727971679.JPG,1024,683,0.7,46.4,688.9,False,True,False,False,True
Buet,Tranche,f5ae24b83c3612c00bd9010dae44ffcb1727971688.JPG,1024,683,0.7,46.4,688.9,False,True,False,False,True
Bacala 1,Tubercule,c707ded4a60bb9ee8b50667a000c74081727971717.JPG,1024,683,0.7,41.6,563.6,False,True,False,False,True
Bacala 1,Tranche,c707ded4a60bb9ee8b50667a000c74081727971725.JPG,1024,683,0.7,41.6,563.6,False,True,False,False,True
Wénéféla bis,Tubercule,216d7567e98687347d3aa1fdef897ff11727971754.JPG,1024,683,0.7,37.9,543.6,False,True,False,False,True
Wénéféla bis,Tranche,216d7567e98687347d3aa1fdef897ff11727971763.JPG,1024,683,0.7,37.9,543.6,False,True,False,False,True
Purple Lisbon,Tubercule,23cbed1ffba2949aca5c7e02863b652a1727972596.JPG,1024,683,0.7,42.6,618.7,False,True,False,False,True
Purple Lisbon,Tranche,23cbed1ffba2949aca5c7e02863b652a1727972606.JPG,1024,683,0.7,42.6,618.7,False,True,False,False,True
Toro,Tubercule,4dd468bd8c3c318f740f5f2928f586921727972627.JPG,1024,683,0.7,41.5,624.5,False,True,False,False,True
Toro,Tranche,4dd468bd8c3c318f740f5f2928f586921727972636.JPG,1024,683,0.7,41.5,624.5,False,True,False,False,True
Tahiti messien,Tubercule,81fad8fb93fd59e8ec5e7cfdadae1d1f1727972664.JPG,1024,683,0.7,40.5,631.7,False,True,False,False,True
Tahiti messien,Tranche,81fad8fb93fd59e8ec5e7cfdadae1d1f1727972673.JPG,1024,683,0.7,40.5,631.7,False,True,False,False,True
Ti Joseph 1,Tubercule,e1dabe3edf4dec6af9871c35d7c5f5be1727972740.JPG,1024,683,0.7,39.4,470.8,False,True,False,False,True
Ti Joseph 1,Tranche,e1dabe3edf4dec6af9871c35d7c5f5be1727972745.JPG,1024,683,0.7,39.4,470.8,False,True,False,False,True
St Martin,Tubercule,65dff4230c6b567ad4b158be5036ad551727972763.JPG,1024,683,0.7,42.5,688.2,False,True,False,False,True
St Martin,Tranche,65dff4230c6b567ad4b158be5036ad551727972768.JPG,1024,683,0.7,42.5,688.2,False,True,False,False,True
A 19,Tubercule,b69568c27cec941d23b43643d9a5d6141727972782.JPG,1024,683,0.7,60.4,510.4,False,False,False,False,False
A 19,Tranche,b69568c27cec941d23b43643d9a5d6141727972787.JPG,1024,683,0.7,60.4,510.4,False,False,False,False,False
Wabé,Tubercule,40fc16a152946cdab8f4183a67cdcba21727972804.JPG,1024,683,0.7,41.1,572.3,False,True,False,False,True
Wabé,Tranche,40fc16a152946cdab8f4183a67cdcba21727972811.JPG,1024,683,0.7,41.1,572.3,False,True,False,False,True
Tana,Tubercule,864fc70c21b82c76c22d8753b87a43c11727972825.JPG,1024,683,0.7,36.1,550.6,False,True,False,False,True
Tana,Tranche,864fc70c21b82c76c22d8753b87a43c11727972831.JPG,1024,683,0.7,36.1,550.6,False,True,False,False,True
61F,Tubercule,983ee9ef17cdaf3db949741902f10f671727972884.JPG,1024,683,0.7,50.0,749.9,False,True,False,False,True
61F,Tranche,983ee9ef17cdaf3db949741902f10f671727972890.JPG,1024,683,0.7,50.0,749.9,False,True,False,False,True
MALALAGI (VU 639),Tubercule,5c1431f69530b03e80f7bccf412d16941727972921.JPG,1024,683,0.7,42.0,611.2,False,True,False,False,True
MALALAGI (VU 639),Tranche,5c1431f69530b03e80f7bccf412d16941727972926.JPG,1024,683,0.7,42.0,611.2,False,True,False,False,True
A 14,Tubercule,885a9377377f1305109ebf1aeb92939d1727973059.JPG,1024,683,0.7,40.5,383.6,False,True,False,False,True
A 14,Tranche,885a9377377f1305109ebf1aeb92939d1727973066.JPG,1024,683,0.7,40.5,383.6,False,True,False,False,True
A 17,Tubercule,787d7a2b2f5e1b2a2a663e394596a92b1727973090.JPG,1024,683,0.7,47.2,615.4,False,True,False,False,True
A 17,Tranche,787d7a2b2f5e1b2a2a663e394596a92b1727973097.JPG,1024,683,0.7,47.2,615.4,False,True,False,False,True
A 2,Tubercule,b8823a5c254f095a513d695eeea1200a1727973115.JPG,1024,683,0.7,43.4,661.3,False,True,False,False,True
A 2,Tranche,b8823a5c254f095a513d695eeea1200a1727973123.JPG,1024,683,0.7,43.4,661.3,False,True,False,False,True
A 21,Tubercule,04ec3ed21ca51317ae58a1caf227b10f1727973143.JPG,1024,683,0.7,49.8,923.0,False,True,False,False,True
A 21,Tranche,04ec3ed21ca51317ae58a1caf227b10f1727973150.JPG,1024,683,0.7,49.8,923.0,False,True,False,False,True
A 22,Tubercule,c0f89dfaaeef14ba35585614b4d9fdc11727973167.JPG,1024,683,0.7,37.1,380.8,False,True,False,False,True
A 22,Tranche,c0f89dfaaeef14ba35585614b4d9fdc11727973173.JPG,1024,683,0.7,37.1,380.8,False,True,False,False,True
A 24,Tubercule,7a894c93dba90420ee54a9c887df26d21727974399.JPG,1024,683,0.7,44.1,553.1,False,True,False,False,True
A 24,Tranche,7a894c93dba90420ee54a9c887df26d21727974405.JPG,1024,683,0.7,44.1,553.1,False,True,False,False,True
A 6,Tubercule,de19e357f5110c99e5208c5310c6d37a1727974423.JPG,1024,683,0.7,40.0,526.1,False,True,False,False,True
A 6,Tranche,de19e357f5110c99e5208c5310c6d37a1727974429.JPG,1024,683,0.7,40.0,526.1,False,True,False,False,True
A 9,Tubercule,0cefb9c3186868e85a100fe76debc0a21727974444.JPG,1024,683,0.7,41.5,589.4,False,True,False,False,True
A 9,Tranche,0cefb9c3186868e85a100fe76debc0a21727974450.JPG,1024,683,0.7,41.5,589.4,False,True,False,False,True
Belep,Tubercule,96fa689f9e450b78a5239ef807b579fd1727974466.JPG,1024,683,0.7,41.4,598.4,False,True,False,False,True
Belep,Tranche,96fa689f9e450b78a5239ef807b579fd1727974472.JPG,1024,683,0.7,41.4,598.4,False,True,False,False,True
Bete Bete,Tubercule,7b41ee911205968193680f3f554644ed1727974490.JPG,1024,683,0.7,36.3,425.1,False,True,False,False,True
Bete Bete,Tranche,7b41ee911205968193680f3f554644ed1727974495.JPG,1024,683,0.7,36.3,425.1,False,True,False,False,True
Boutou,Tubercule,a85fcd2543bf0cd7861b1fba2829bf0f1727974515.JPG,1024,683,0.7,42.6,560.7,False,True,False,False,True
Boutou,Tranche,a85fcd2543bf0cd7861b1fba2829bf0f1727974520.JPG,1024,683,0.7,42.6,560.7,False,True,False,False,True
Caplaou,Tubercule,67f8fcebc451db3106441301c29040941727974538.JPG,1024,683,0.7,35.8,452.4,False,True,False,False,True
Caplaou,Tranche,67f8fcebc451db3106441301c29040941727974544.JPG,1024,683,0.7,35.8,452.4,False,True,False,False,True
Cinq,Tubercule,4cd009df92c60b7a58a0e815b240a5fa1727974559.JPG,1024,683,0.7,34.1,366.8,False,True,False,False,True
Cinq,Tranche,4cd009df92c60b7a58a0e815b240a5fa1727974565.JPG,1024,683,0.7,34.1,366.8,False,True,False,False,True
Divin,Tubercule,bb826d0ca4558bd3726fc6add77873191727974581.JPG,1024,683,0.7,38.8,507.1,False,True,False,False,True
Divin,Tranche,bb826d0ca4558bd3726fc6add77873191727974586.JPG,1024,683,0.7,38.8,507.1,False,True,False,False,True
Dou - H4x431,Tranche,95f39d4aa24c145cc76825244c9141051727974613.JPG,1024,683,0.7,40.3,532.5,False,True,False,False,True
Fénakué,Tubercule,d2c0581956f73e0de88c17b05710a31d1727974646.JPG,1024,683,0.7,41.7,490.3,False,True,False,False,True
Fénakué,Tranche,d2c0581956f73e0de88c17b05710a31d1727974653.JPG,1024,683,0.7,41.7,490.3,False,True,False,False,True
Florido,Tubercule,5ae768116774de111ce33e61890cc8b91727974707.JPG,1024,683,0.7,42.6,520.8,False,True,False,False,True
Florido,Tranche,5ae768116774de111ce33e61890cc8b91727974715.JPG,1024,683,0.7,42.6,520.8,False,True,False,False,True
Goana,Tubercule,725c58ad568f506b737c6b53e34dc57a1727974733.JPG,1024,683,0.7,36.9,470.6,False,True,False,False,True
Goana,Tranche,725c58ad568f506b737c6b53e34dc57a1727974739.JPG,1024,683,0.7,36.9,470.6,False,True,False,False,True
Gordito,Tubercule,e43bbfa1aee4a370db9082c1ead2baf51727974756.JPG,1024,683,0.7,37.1,512.5,False,True,False,False,True
Gordito,Tranche,e43bbfa1aee4a370db9082c1ead2baf51727974765.JPG,1024,683,0.7,37.1,512.5,False,True,False,False,True
Grand Etang,Tubercule,3f3c9b2e9f26a595dd488a67f51e158d1727974781.JPG,1024,683,0.7,45.8,568.8,False,True,False,False,True
Grand Etang,Tranche,3f3c9b2e9f26a595dd488a67f51e158d1727974787.JPG,1024,683,0.7,45.8,568.8,False,True,False,False,True
Grosse caille 3 mois,Tubercule,4bac55b72c8d1ec7a898c399f43f45711727975523.JPG,1024,683,0.7,50.0,867.6,False,True,False,False,True
Grosse caille 3 mois,Tranche,4bac55b72c8d1ec7a898c399f43f45711727975529.JPG,1024,683,0.7,50.0,867.6,False,True,False,False,True
"H4X131, Cirabel",Tubercule,4ba9af987e919b8c01cfdd2d353dbac41727975548.JPG,1024,683,0.7,49.8,699.2,False,True,False,False,True
"H4X131, Cirabel",Tranche,4ba9af987e919b8c01cfdd2d353dbac41727975553.JPG,1024,683,0.7,49.8,699.2,False,True,False,False,True
"H4X172, KREOLINE",Tubercule,76d8e841f6486f74da74034333ad75091727975576.JPG,1024,683,0.7,39.1,542.0,False,True,False,False,True
"H4X172, KREOLINE",Tranche,76d8e841f6486f74da74034333ad75091727975581.JPG,1024,683,0.7,39.1,542.0,False,True,False,False,True
"H4X274, Ticoli",Tubercule,4ba1fca1d4415c4ab0dbbb65ad66661b1727975632.JPG,1024,683,0.7,38.9,506.3,False,True,False,False,True
"H4X274, Ticoli",Tranche,4ba1fca1d4415c4ab0dbbb65ad66661b1727975638.JPG,1024,683,0.7,38.9,506.3,False,True,False,False,True
HYB 30,Tubercule,aa1de58c6d49dcc729fb1934350521d41727975653.JPG,1024,683,0.7,39.9,565.3,False,True,False,False,True
HYB 30,Tranche,aa1de58c6d49dcc729fb1934350521d41727975659.JPG,1024,683,0.7,39.9,565.3,False,True,False,False,True
HYB 5,Tubercule,ae41cdbb919a4bc128b5f2ffec2677921727975674.JPG,1024,683,0.7,40.2,518.8,False,True,False,False,True
HYB 5,Tranche,ae41cdbb919a4bc128b5f2ffec2677921727975679.JPG,1024,683,0.7,40.2,518.8,False,True,False,False,True
HYB 6,Tubercule,67d5ed319f6d2ea97ff088407af68e271727975702.JPG,1024,683,0.7,43.4,652.3,False,True,False,False,True
HYB 6,Tranche,67d5ed319f6d2ea97ff088407af68e271727975711.JPG,1024,683,0.7,43.4,652.3,False,True,False,False,True
Igname Jaune,Tubercule,ab2ef202c80736491a2c4a8146e571641727975741.JPG,1024,683,0.7,39.1,645.7,False,True,False,False,True
Igname Jaune,Tranche,ab2ef202c80736491a2c4a8146e571641727975746.JPG,1024,683,0.7,39.1,645.7,False,True,False,False,True
INRA X 154,Tubercule,ef4760ebfb8a1bc5db3770d0b943214a1727975765.JPG,1024,683,0.7,39.6,570.9,False,True,False,False,True
INRA X 154,Tranche,ef4760ebfb8a1bc5db3770d0b943214a1727975770.JPG,1024,683,0.7,39.6,570.9,False,True,False,False,True
INRA15,Tubercule,53bf11734776e22d326c8bbfc74344941727975789.JPG,1024,683,0.7,44.0,542.3,False,True,False,False,True
INRA15,Tranche,53bf11734776e22d326c8bbfc74344941727975795.JPG,1024,683,0.7,44.0,542.3,False,True,False,False,True
Kabusa,Tubercule,a611466c4b3124cd9c395346ab79696b1727975829.JPG,1024,683,0.7,38.4,498.7,False,True,False,False,True
Kabusa,Tranche,a611466c4b3124cd9c395346ab79696b1727975836.JPG,1024,683,0.7,38.4,498.7,False,True,False,False,True
Kinabayo,Tubercule,d98ae7fc4cde89d5d4f03a55ee78e05f1727975859.JPG,1024,683,0.7,37.3,464.3,False,True,False,False,True
Kinabayo,Tranche,d98ae7fc4cde89d5d4f03a55ee78e05f1727975866.JPG,1024,683,0.7,37.3,464.3,False,True,False,False,True
KL 21,Tubercule,7d12f0777c4dc1c106847cb592a724bd1727975884.JPG,1024,683,0.7,44.0,580.2,False,True,False,False,True
KL 21,Tranche,7d12f0777c4dc1c106847cb592a724bd1727975891.JPG,1024,683,0.7,44.0,580.2,False,True,False,False,True
Manlankon,Tubercule,cffed31124f6876099008cf21b173f7e1727975972.JPG,1024,683,0.7,41.7,546.8,False,True,False,False,True
Manlankon,Tranche,cffed31124f6876099008cf21b173f7e1727975979.JPG,1024,683,0.7,41.7,546.8,False,True,False,False,True
MP1 16H56,Tubercule,51ab2b908c02225df433480413badab81727976054.JPG,1024,683,0.7,76.8,520.5,False,False,False,False,False
MP1 16H56,Tranche,51ab2b908c02225df433480413badab81727976059.JPG,1024,683,0.7,76.8,520.5,False,False,False,False,False
"Noulelcae, CT198",Tubercule,bd6aefc77577905ec144c65c7cdf2bd51727976277.JPG,1024,683,0.7,39.4,553.9,False,True,False,False,True
"Noulelcae, CT198",Tranche,bd6aefc77577905ec144c65c7cdf2bd51727976284.JPG,1024,683,0.7,39.4,553.9,False,True,False,False,True
"Nureangdan, CT202",Tubercule,0b1411e8a70148f8ffc51950492783571727976301.JPG,1024,683,0.7,40.9,461.7,False,True,False,False,True
"Nureangdan, CT202",Tranche,0b1411e8a70148f8ffc51950492783571727976307.JPG,1024,683,0.7,40.9,461.7,False,True,False,False,True
Oriental,Tubercule,74db2bc2c05cc630f8cef76981660a3e1727976322.JPG,1024,683,0.7,41.5,485.0,False,True,False,False,True
Oriental,Tranche,74db2bc2c05cc630f8cef76981660a3e1727976327.JPG,1024,683,0.7,41.5,485.0,False,True,False,False,True
Pacala,Tubercule,7c8f47c5806d9b5b0de9a5a2077e453c1727976340.JPG,1024,683,0.7,33.7,342.1,False,True,False,False,True
Pacala,Tranche,7c8f47c5806d9b5b0de9a5a2077e453c1727976345.JPG,1024,683,0.7,33.7,342.1,False,True,False,False,True
Pakutrany,Tubercule,6bce68fae90b67c1ce7f77e94b8b99781727976368.JPG,1024,683,0.7,40.9,547.1,False,True,False,False,True
Pakutrany,Tranche,6bce68fae90b67c1ce7f77e94b8b99781727976373.JPG,1024,683,0.7,40.9,547.1,False,True,False,False,True
"Peter, CT177",Tubercule,835492ac556cfc08db1cdc312f1756ae1727976391.JPG,1024,683,0.7,36.4,488.5,False,True,False,False,True
"Peter, CT177",Tranche,835492ac556cfc08db1cdc312f1756ae1727976403.JPG,1024,683,0.7,36.4,488.5,False,True,False,False,True
Plimbite,Tubercule,687306d9d58b2b694f8f99a2d01471211727976423.JPG,1024,683,0.7,37.6,400.8,False,True,False,False,True
Plimbite,Tranche,687306d9d58b2b694f8f99a2d01471211727976428.JPG,1024,683,0.7,37.6,400.8,False,True,False,False,True
"Ptris, CT133",Tubercule,c45f815436a6876c0343466ad2e0532f1727976453.JPG,1024,683,0.7,38.5,404.9,False,True,False,False,True
"Ptris, CT133",Tranche,c45f815436a6876c0343466ad2e0532f1727976459.JPG,1024,683,0.7,38.5,404.9,False,True,False,False,True
Pyramide,Tubercule,08ea69a01357a28a7c2317fff3cdee2c1727976479.JPG,1024,683,0.7,37.0,406.0,False,True,False,False,True
Pyramide,Tranche,08ea69a01357a28a7c2317fff3cdee2c1727976484.JPG,1024,683,0.7,37.0,406.0,False,True,False,False,True
Roujol - H4x242,Tubercule,36d31749a44157173b71435b3895fe1d1727976503.JPG,1024,683,0.7,44.4,566.7,False,True,False,False,True
Roujol - H4x242,Tranche,36d31749a44157173b71435b3895fe1d1727976508.JPG,1024,683,0.7,44.4,566.7,False,True,False,False,True
Sea 190,Tubercule,63ad034da56f88ec6f7aa918958595421727976528.JPG,1024,683,0.7,39.3,429.0,False,True,False,False,True
Sea 190,Tranche,63ad034da56f88ec6f7aa918958595421727976541.JPG,1024,683,0.7,39.3,429.0,False,True,False,False,True
Sinoua CT160,Tubercule,69aee87b5a1b5f45503ae2986406e9561727976561.JPG,1024,683,0.7,37.7,415.5,False,True,False,False,True
Sinoua CT160,Tranche,69aee87b5a1b5f45503ae2986406e9561727976568.JPG,1024,683,0.7,37.7,415.5,False,True,False,False,True
St Vincent blanc,Tubercule,a799c920201a1c876aea4f012668bdb71727976583.JPG,1024,683,0.7,43.9,758.1,False,True,False,False,True
St Vincent blanc,Tranche,a799c920201a1c876aea4f012668bdb71727976591.JPG,1024,683,0.7,43.9,758.1,False,True,False,False,True
Toki (SEA 119),Tubercule,8810290a906bde65aced9d37d16ebbbf1727976646.JPG,1024,683,0.7,50.2,816.9,False,True,False,False,True
Toki (SEA 119),Tranche,8810290a906bde65aced9d37d16ebbbf1727976652.JPG,1024,683,0.7,50.2,816.9,False,True,False,False,True
"Toufi Tetea, CT148",Tubercule,4f544c9a54e4f0d4a409edaf1fbbcb2e1727976719.JPG,1024,683,0.7,43.2,565.7,False,True,False,False,True
"Toufi Tetea, CT148",Tranche,4f544c9a54e4f0d4a409edaf1fbbcb2e1727976725.JPG,1024,683,0.7,43.2,565.7,False,True,False,False,True
Wassa,Tubercule,52272f594833ca5cf82d0666f8f516ca1727976745.JPG,1024,683,0.7,35.8,459.9,False,True,False,False,True
Wassa,Tranche,52272f594833ca5cf82d0666f8f516ca1727976751.JPG,1024,683,0.7,35.8,459.9,False,True,False,False,True
KARUKERA,Tubercule,b330500f00cb84ed0082b5bbc3e372811727976864.JPG,1024,683,0.7,41.0,552.5,False,True,False,False,True
KARUKERA,Tranche,b330500f00cb84ed0082b5bbc3e372811727976868.JPG,1024,683,0.7,41.0,552.5,False,True,False,False,True
DESIRABLE,Tubercule,e57aa19ec14d64d1b479fe9ccdb832e61727976883.JPG,1024,683,0.7,42.5,507.4,False,True,False,False,True
DESIRABLE,Tranche,e57aa19ec14d64d1b479fe9ccdb832e61727976890.JPG,1024,683,0.7,42.5,507.4,False,True,False,False,True
TROPICAL,Tubercule,14ce992ef7e199b369cef7df605591d61727976903.JPG,1024,683,0.7,39.5,490.3,False,True,False,False,True
TROPICAL,Tranche,14ce992ef7e199b369cef7df605591d61727976908.JPG,1024,683,0.7,39.5,490.3,False,True,False,False,True
REGIONAL,Tubercule,475a8028316b56513a2ca0a91c166cfb1727976921.JPG,1024,683,0.7,43.0,471.7,False,True,False,False,True
REGIONAL,Tranche,475a8028316b56513a2ca0a91c166cfb1727976926.JPG,1024,683,0.7,43.0,471.7,False,True,False,False,True
DEFI,Tubercule,d1eecbbfe517bb1174b1a96c40dd075f1727976940.JPG,1024,683,0.7,39.4,529.2,False,True,False,False,True
DEFI,Tranche,d1eecbbfe517bb1174b1a96c40dd075f1727976944.JPG,1024,683,0.7,39.4,529.2,False,True,False,False,True
C5,Tubercule,5f68b55c2d13edf4652d3d4c0a691d711727976962.JPG,1024,683,0.7,45.9,521.8,False,True,False,False,True
C5,Tranche,5f68b55c2d13edf4652d3d4c0a691d711727976967.JPG,1024,683,0.7,45.9,521.8,False,True,False,False,True
CIR-B037,Tubercule,f0a4e5d126e01c6cc3aff7ef1a936d5e1727977007.JPG,1024,683,0.7,43.2,658.3,False,True,False,False,True
CIR-B037,Tranche,f0a4e5d126e01c6cc3aff7ef1a936d5e1727977016.JPG,1024,683,0.7,43.2,658.3,False,True,False,False,True
CIR-B051,Tubercule,26f615fb55cec0474b7afb53e606ad8e1727977031.JPG,1024,683,0.7,42.7,569.9,False,True,False,False,True
CIR-B051,Tranche,26f615fb55cec0474b7afb53e606ad8e1727977036.JPG,1024,683,0.7,42.7,569.9,False,True,False,False,True
CIR-B120,Tubercule,b02b04b32a02c6a85edbff54b00b826f1727977071.JPG,1024,683,0.7,51.1,563.1,False,True,False,False,True
CIR-B120,Tranche,b02b04b32a02c6a85edbff54b00b826f1727977079.JPG,1024,683,0.7,51.1,563.1,False,True,False,False,True
CIR-B016,Tubercule,48d8ac01eb4e71fbf5289b02eb5ca66e1727977108.JPG,1024,683,0.7,39.4,633.0,False,True,False,False,True
CIR-B016,Tranche,48d8ac01eb4e71fbf5289b02eb5ca66e1727977115.JPG,1024,683,0.7,39.4,633.0,False,True,False,False,True
CIR-B202,Tubercule,c37b4b348a4ea9091d7a6c064fd6159c1727977132.JPG,1024,683,0.7,41.7,538.7,False,True,False,False,True
CIR-B202,Tranche,c37b4b348a4ea9091d7a6c064fd6159c1727977139.JPG,1024,683,0.7,41.7,538.7,False,True,False,False,True
CIR-B185,Tubercule,d10ba9e278e70664eb19adaa5ed1618f1727977157.JPG,1024,683,0.7,44.0,684.6,False,True,False,False,True
CIR-B185,Tranche,d10ba9e278e70664eb19adaa5ed1618f1727977163.JPG,1024,683,0.7,44.0,684.6,False,True,False,False,True
CIR-B214,Tubercule,e3889ac2ad3b685e3afd9fe3603ed4a81727977223.JPG,792,619,0.49,38.3,514.1,False,True,False,True,True
CIR-B214,Tranche,e3889ac2ad3b685e3afd9fe3603ed4a81727977228.JPG,792,619,0.49,38.3,514.1,False,True,False,True,True
CIR-B151,Tubercule,534c745731e75502b6c59508abae5c771727977241.JPG,1024,683,0.7,43.1,735.2,False,True,False,False,True
CIR-B151,Tranche,534c745731e75502b6c59508abae5c771727977246.JPG,1024,683,0.7,43.1,735.2,False,True,False,False,True
4938,Tubercule,bca9567a7db0b64cd7ac2d6c44e852881727977265.JPG,1024,683,0.7,43.6,671.4,False,True,False,False,True
4938,Tranche,bca9567a7db0b64cd7ac2d6c44e852881727977270.JPG,1024,683,0.7,43.6,671.4,False,True,False,False,True
3253,Tubercule,fbfa752d0d1db83054ada802eecee5d01727977284.JPG,1024,683,0.7,39.9,629.8,False,True,False,False,True
3253,Tranche,fbfa752d0d1db83054ada802eecee5d01727977290.JPG,1024,683,0.7,39.9,629.8,False,True,False,False,True
CIR-B244,Tubercule,2d6f7026037b273f798aa041dabed6431727977309.JPG,1024,683,0.7,39.0,646.1,False,True,False,False,True
CIR-B244,Tranche,2d6f7026037b273f798aa041dabed6431727977315.JPG,1024,683,0.7,39.0,646.1,False,True,False,False,True
Ruby,Tubercule,7faef212a6d47f552f09dfe28b48137c1727977363.JPG,1024,683,0.7,45.6,706.9,False,True,False,False,True
Ruby,Tranche,7faef212a6d47f552f09dfe28b48137c1727977369.JPG,1024,683,0.7,45.6,706.9,False,True,False,False,True
Ado,Tubercule,5d908a5af9586553d4ebdbd31b09c8081727977383.JPG,1024,683,0.7,45.7,726.9,False,True,False,False,True
Ado,Tranche,5d908a5af9586553d4ebdbd31b09c8081727977388.JPG,1024,683,0.7,45.7,726.9,False,True,False,False,True
Gemma,Tubercule,b4f3201a3342af97645bd351718bad211727977525.JPG,1024,683,0.7,42.9,556.7,False,True,False,False,True
Gemma,Tranche,b4f3201a3342af97645bd351718bad211727977531.JPG,1024,683,0.7,42.9,556.7,False,True,False,False,True
Elie,Tubercule,cf2ba037823e5acfea0db85c78c7e70d1727977551.JPG,1024,683,0.7,43.3,457.7,False,True,False,False,True
Elie,Tranche,cf2ba037823e5acfea0db85c78c7e70d1727977556.JPG,1024,683,0.7,43.3,457.7,False,True,False,False,True
Hana,Tubercule,adea4e8446b65bd1e88218d479e333ce1727977584.JPG,1024,683,0.7,40.1,434.8,False,True,False,False,True
Hana,Tranche,cbbf42408193be9594bf12e28d13f4561727977633.JPG,6000,4000,24.0,41.3,438.7,False,True,False,False,True
Gwadikera,Tubercule,5a2280a00228bc6f30f146348d01a32e1727977672.JPG,1024,683,0.7,39.0,380.5,False,True,False,False,True
Gwadikera,Tranche,5a2280a00228bc6f30f146348d01a32e1727977676.JPG,1024,683,0.7,39.0,380.5,False,True,False,False,True
CRB68-bis,Tubercule,714b6db4dfc1d341394ccdcda0be5a5c1727977689.JPG,1024,683,0.7,38.0,489.3,False,True,False,False,True
CRB68-bis,Tranche,714b6db4dfc1d341394ccdcda0be5a5c1727977694.JPG,1024,683,0.7,38.0,489.3,False,True,False,False,True
CIRAD217,Tubercule,9df778af1aaccbd5d23c9cdd417593b71727977708.JPG,1024,683,0.7,40.0,543.5,False,True,False,False,True
CIRAD217,Tranche,9df778af1aaccbd5d23c9cdd417593b71727977713.JPG,1024,683,0.7,40.0,543.5,False,True,False,False,True
14M,Feuille,3365393a5683236a051379019a3a239e1729178050.jpg,2550,3507,8.94,190.0,660.6,False,False,False,False,False
2848,Feuille,3ba70ddc2c0e1dedf561720243b60c1c1729256555.JPG,6000,4000,24.0,167.8,111.0,False,False,False,False,False
2848,Feuille,78e0dc58c146a912da2314b482a7aa1c1729256607.JPG,4000,6000,24.0,166.2,97.2,False,False,False,False,False
1467,Feuille,29fc5b532c97d0ba3a1223108cbc8e0d1729261054.JPG,6000,4000,24.0,167.6,177.3,False,False,False,False,False
1467,Feuille,b4c7cf01ed23d4e8c696c2343c4f0d891729261148.JPG,6000,4000,24.0,150.7,149.2,False,False,False,False,False
OP3,Feuille,62e1cd8c8a0bf96dc227e9e2d2b1942a1729263910.JPG,6000,4000,24.0,182.2,66.6,True,False,False,False,True
OP3,Feuille,b715d2ffe76711b272dcba11d70401651729264051.JPG,6000,4000,24.0,175.1,103.1,False,False,False,False,False
Belep,Feuille,c5d1dfc5818faf696d86fcaa2c4fd3f91730295989.jpg,2550,3507,8.94,236.4,476.5,False,False,True,False,True
Boutou,Feuille,eb804c0a1cafc270ce97e83cb5b3b68c1730296226.jpg,2550,3507,8.94,185.6,668.4,False,False,False,False,False
Cinq,Feuille,095d4226459799501d9f6145f96917201730296297.jpg,2550,3507,8.94,223.6,531.1,False,False,True,False,True
Goana,Feuille,8314fd49f46393a75e5f1e80e28accd81730296490.jpg,2550,3507,8.94,225.4,575.6,False,False,True,False,True
"H4X172, KREOLINE",Feuille,176326079bc3aa2fd2f4ce6c622b989d1730296550.jpg,2550,3507,8.94,214.5,582.5,False,False,True,False,True
Roujol - H4x242,Feuille,5e313915a3a820d16e5cf08fa52e3eb11730296810.jpg,2550,3507,8.94,214.1,597.4,False,False,True,False,True
Toki (SEA 119),Feuille,f5b790a29374877f61f0aba10a93c5181730296869.jpg,2550,3507,8.94,241.7,441.6,False,False,True,False,True
Wassa,Feuille,adc8b22f8869e80a065a3027d09104181730296991.jpg,9904,14016,138.81,204.3,800.7,False,False,False,False,False
A 14,Feuille,1adc79028d532bc630f2e1a613c8a24c1730297943.JPG,6000,4000,24.0,179.4,133.8,False,False,False,False,False
A 14,Feuille,d0eff44b6ddca3cfc1ee55dce283cf391730297983.JPG,6000,4000,24.0,160.5,119.1,False,False,False,False,False
CIR-B214,Feuille,6ac980e8c496bb30917ec261557a485b1730298288.JPG,6000,4000,24.0,180.5,67.1,True,False,False,False,True
CIR-B214,Feuille,867639f7c4b077665903d41a6b6a70d71730298393.JPG,4000,6000,24.0,154.2,82.3,False,False,False,False,False
A 9,Feuille,c6b245eefb10c6b4b905cea012086c231730725789.JPG,6000,4000,24.0,181.0,253.3,False,False,False,False,False
A 9,Feuille,b2339eb1053373032a1c9de1ae7af9051730725863.JPG,4000,6000,24.0,170.4,278.5,False,False,False,False,False
A 6,Feuille,11813c8e4bddbbe6cf3db3996c5750f31730726587.JPG,6000,4000,24.0,154.2,189.5,False,False,False,False,False
A 6,Feuille,c237a8d6e99df08927516b67838d1fb21730726630.JPG,6000,4000,24.0,170.5,173.8,False,False,False,False,False
Pyramide,Feuille,10cc0dd15e1a560c1bf2a27226e201311730727067.JPG,6000,4000,24.0,165.7,200.4,False,False,False,False,False
Pyramide,Feuille,6ac9099d220bb6e3d2d4c525dc12c4af1730727119.JPG,6000,4000,24.0,168.5,186.5,False,False,False,False,False
Evolution,Feuille,4d862260b536830292238f368407490b1730727427.JPG,6000,4000,24.0,168.0,241.5,False,False,False,False,False
Evolution,Feuille,25182035cdbdb5bb66c16a878f0c01c21730727512.JPG,6000,4000,24.0,163.4,200.2,False,False,False,False,False
INRA X 154,Feuille,c514861a0b694cbabe4052f1e5e2916a1730729490.JPG,6000,4000,24.0,140.3,119.3,False,False,False,False,False
INRA X 154,Feuille,151e50a768bb72d8677b1ed3f6b700fd1730729535.JPG,6000,4000,24.0,129.7,176.9,False,False,False,False,False
"Peter, CT177",Feuille,4e839d64b6f01877f315829a0ba06b7a1730729918.JPG,6000,4000,24.0,139.6,139.5,False,False,False,False,False
"Peter, CT177",Feuille,e668071d99327ef00ccd4612304fc5061730729976.JPG,6000,4000,24.0,124.9,126.1,False,False,False,False,False
"H4X131, Cirabel",Feuille,223a1c7038807804386e85adf37d06951730730182.JPG,6000,4000,24.0,168.3,209.7,False,False,False,False,False
"H4X131, Cirabel",Feuille,8fdf698c5c66de0f1f91b36d212266c21730730229.JPG,6000,4000,24.0,143.2,201.2,False,False,False,False,False
Divin,Feuille,3eb121b6ea51239800dcbd27856f9f661730730426.JPG,6000,4000,24.0,160.0,231.1,False,False,False,False,False
Divin,Feuille,ae4a318fb54892f27bf8bbe56a8782cb1730730461.JPG,4000,6000,24.0,146.6,233.5,False,False,False,False,False
Bacala 1,Feuille,8226b8a07fef20533c6592372ecb33fe1730730744.JPG,6000,4000,24.0,172.4,184.3,False,False,False,False,False
Bacala 1,Feuille,2e16ddb2e158de5c1a29271fac1f114c1730730789.JPG,4000,6000,24.0,164.7,163.1,False,False,False,False,False
HYB 5,Feuille,e5a343393dc66d131c4ec0d543a3ecc21730734863.JPG,6000,4000,24.0,160.1,125.4,False,False,False,False,False
HYB 30,Feuille,8eb2d1fca44f51e77bbf0b81d0aeb6ba1730735204.JPG,6000,4000,24.0,131.4,83.1,False,False,False,False,False
HYB 30,Feuille,2f637d1c301ad172ea5e715b330485e71730735258.JPG,6000,4000,24.0,155.2,127.8,False,False,False,False,False
CIRAD235,Feuille,60f4f3193c7056297486be560c707ca51730996323.JPG,683,1024,0.7,160.3,152.6,False,False,False,False,False
CIRAD235,Feuille,216d7b43dbb0a1055af91a4203ba98c11730996412.JPG,683,1024,0.7,155.0,164.3,False,False,False,False,False
"Toufi Tetea, CT148",Feuille,5ca97484ba30846ebf02152e3617f0b81730996691.JPG,683,1024,0.7,172.5,151.9,False,False,False,False,False
"Toufi Tetea, CT148",Feuille,08ac1fe7b8712a65b8e4f42f11dfb18d1730996719.JPG,683,1024,0.7,166.2,143.8,False,False,False,False,False
3912,Feuille,e6f7aa32e4ceb0c873a292763a608f201730997056.JPG,1024,683,0.7,172.8,139.2,False,False,False,False,False
3912,Feuille,f62510ddf5da20414f7470bf502b48db1730997092.JPG,683,1024,0.7,152.7,98.0,False,False,False,False,False
Wabé,Feuille,f9b51a57216a96d2a1ebf434b59f83941730997345.JPG,1024,683,0.7,185.8,64.2,True,False,False,False,True
Wabé,Feuille,418039907aa4a2345288f58a06e2a4a21730997386.JPG,1024,683,0.7,159.4,77.6,True,False,False,False,True
3916,Feuille,683e7d6fd71347f173ef8933239a139b1730997608.JPG,1024,683,0.7,145.9,98.6,False,False,False,False,False
Boutou,Feuille,447966f0b48be9cedfb5264d163c75f71731067411.JPG,1024,683,0.7,170.6,445.2,False,False,False,False,False
"H4X274, Ticoli",Feuille,654a5fd76fa99ffc2933a4e3c606ca8b1731365773.JPG,1024,683,0.7,166.5,87.5,False,False,False,False,False
"H4X274, Ticoli",Feuille,6b2c88907d7fc8e276c10104a60b51541731365798.JPG,683,1024,0.7,170.4,84.0,False,False,False,False,False
Apomixie-DOU-1,Feuille,b73d1a4be4c24ff1f0335a855cc1ac7c1731367675.JPG,1024,683,0.7,162.1,146.9,False,False,False,False,False
Apomixie-DOU-1,Feuille,6b9ccabba3c331310da27cf7f94b16df1731367834.JPG,1024,683,0.7,181.7,181.1,False,False,False,False,False
Pas possible IRAT,Feuille,566c57dd3bee66dfe472d046a78053611731368467.JPG,1024,683,0.7,170.1,67.8,True,False,False,False,True
Pas possible IRAT,Feuille,41578ffaff75336bb4262514822fb1a01731368496.JPG,1024,683,0.7,163.9,113.7,False,False,False,False,False
Patte à cheval,Feuille,d5bbe3f865f9629ba0731d672f8d96f21732890031.JPG,6000,4000,24.0,179.3,283.4,False,False,False,False,False
Patte à cheval,Feuille,57a7b324de4b5e1873c434c006015c641732890075.JPG,6000,4000,24.0,170.8,248.6,False,False,False,False,False
Ado,Feuille,ad4311918350abfd904c7b6ebbbfba5a1732890342.JPG,6000,4000,24.0,176.3,91.7,False,False,False,False,False
Ado,Feuille,9c922ecb0fbaee9a3ee67bb81e352a951732890414.JPG,6000,4000,24.0,155.8,134.5,False,False,False,False,False
CHIYAZI,Feuille,f49d0e6dde59a172e61f5473164222eb1733406477.JPG,6000,4000,24.0,173.2,193.6,False,False,False,False,False
CHIYAZI,Feuille,ebbdd16068e2c3ecb599fe6a8a28e8a71733406514.JPG,6000,4000,24.0,160.6,140.5,False,False,False,False,False
LABOKO,Tubercule,582801e0d6cb4252fdf4445976656bda1734094171.jpg,1600,1200,1.92,119.7,1239.4,False,False,False,False,False
AIA445,Tubercule,cb142c9694fe4525b8af8e5aaea5dfd91761571813.JPG,6000,4000,24.0,35.8,435.7,False,True,False,False,True
AIA445,Tranche,d74d1da35d20c081c0a9fd1353df29021761571862.JPG,6000,4000,24.0,37.5,479.8,False,True,False,False,True
A21,Tubercule,04ec3ed21ca51317ae58a1caf227b10f1761572489.JPG,6000,4000,24.0,49.8,955.1,False,True,False,False,True
A21,Tranche,04ec3ed21ca51317ae58a1caf227b10f1761572559.JPG,6000,4000,24.0,49.8,955.1,False,True,False,False,True
CIRAD235,Tubercule,4af2e8b6f78a427fde08ff1e000281b41762970306.jpg,1600,1200,1.92,116.1,1482.1,False,False,False,False,False
Assam,Tranche,1bc0313a7c747cf00c834a7eac5406a61764162762.jpg,571,428,0.24,84.7,2571.3,False,False,False,True,True
A 17,Feuille,8764585deda2e3f8a7ef631356a34efb1764691070.png,5100,7016,35.78,180.5,966.1,False,False,False,False,False
3150,Feuille,e3052389a58d65794fe32906eef829e61764693583.png,2550,3507,8.94,214.4,579.4,False,False,True,False,True
Pas possible IRAT,Tubercule,577dd071946689111b630e9cfa078d731764773602.jpg,571,428,0.24,87.4,2245.6,False,False,False,True,True
Pas possible IRAT,Tranche,577dd071946689111b630e9cfa078d731764773654.jpg,571,428,0.24,87.4,2245.6,False,False,False,True,True
Patte à cheval,Tubercule,8d58a78aa60328fb24644c237f9119df1775752988.JPG,6000,4000,24.0,51.7,966.6,False,True,False,False,True
Patte à cheval,Tranche,8d58a78aa60328fb24644c237f9119df1775753058.JPG,6000,4000,24.0,51.7,966.6,False,True,False,False,True
Luc GC,Tubercule,e0d12f0792b72e0a1758a53e86a6ddb41775753355.JPG,6000,4000,24.0,46.8,892.0,False,True,False,False,True
Luc GC,Tubercule,e0d12f0792b72e0a1758a53e86a6ddb41775753375.JPG,6000,4000,24.0,46.8,892.0,False,True,False,False,True
Igname jaune CIRAD,Tubercule,fe7f2dc2157474dcc0227fab76060aed1776205310.JPG,6000,4000,24.0,48.2,1364.1,False,True,False,False,True
Igname jaune CIRAD,Tranche,fe7f2dc2157474dcc0227fab76060aed1776205350.JPG,6000,4000,24.0,48.2,1364.1,False,True,False,False,True
CIRAD300,Tubercule,cf997fa7f98a37260bfc463eec65c9da1776205393.JPG,6000,4000,24.0,48.8,826.2,False,True,False,False,True
CIRAD300,Tranche,cf997fa7f98a37260bfc463eec65c9da1776205410.JPG,6000,4000,24.0,48.8,826.2,False,True,False,False,True
3202,Tranche,b7e9f805915351fe231184aa0384184d1776208092.jpg,400,600,0.24,73.4,1364.2,False,False,False,True,True
3233,Tranche,99ba738d254e0c81b0d015f8b2896a901776208468.jpg,400,600,0.24,67.2,1189.2,False,False,False,True,True
1372,Tranche,a649e37e64d6890c8b1420666c6ef0311776209620.JPG,6000,4000,24.0,53.8,1115.4,False,True,False,False,True
Réunion,Tranche,79a40352b4a5f2890ca2f1af2b8b764a1776209814.JPG,6000,4000,24.0,55.9,968.6,False,False,False,False,False
4046,Tubercule,53b3d90b7f17790c957a57ae3d4ba27e1777384050.JPG,6000,4000,24.0,65.0,1205.9,False,False,False,False,False
4046,Tranche,53b3d90b7f17790c957a57ae3d4ba27e1777384065.JPG,6000,4000,24.0,65.0,1205.9,False,False,False,False,False
4046,Tubercule,53b3d90b7f17790c957a57ae3d4ba27e1777384191.JPG,6000,4000,24.0,65.0,1205.9,False,False,False,False,False
4046,Tranche,53b3d90b7f17790c957a57ae3d4ba27e1777384199.JPG,6000,4000,24.0,65.0,1205.9,False,False,False,False,False
1372,Tubercule,a649e37e64d6890c8b1420666c6ef0311777384207.JPG,6000,4000,24.0,53.8,1115.4,False,True,False,False,True
1372,Tranche,a649e37e64d6890c8b1420666c6ef0311777384215.JPG,6000,4000,24.0,53.8,1115.4,False,True,False,False,True
DA 26,Tubercule,200b99619032957418d022ba2ab8f3c11777384228.JPG,6000,4000,24.0,78.5,1982.4,False,False,False,False,False
DA 26,Tranche,200b99619032957418d022ba2ab8f3c11777384238.JPG,6000,4000,24.0,78.5,1982.4,False,False,False,False,False
Americano,Tubercule,9c237aaed46bd073bf633af9742d212c1777384257.JPG,6000,4000,24.0,62.0,963.4,False,False,False,False,False
Americano,Tranche,9c237aaed46bd073bf633af9742d212c1777384271.JPG,6000,4000,24.0,62.0,963.4,False,False,False,False,False
TiBou/7F,Tubercule,04a422d3e174741f3937a6b3d7bdb4a51777384288.JPG,6000,4000,24.0,49.9,936.3,False,True,False,False,True
TiBou/7F,Tranche,04a422d3e174741f3937a6b3d7bdb4a51777384300.JPG,6000,4000,24.0,49.9,936.3,False,True,False,False,True
Pacala Tardif,Tubercule,b71dd303722178f96ee715ded2e8c6341777384310.JPG,6000,4000,24.0,49.1,927.8,False,True,False,False,True
Pacala Tardif,Tranche,b71dd303722178f96ee715ded2e8c6341777384325.JPG,6000,4000,24.0,49.1,927.8,False,True,False,False,True
LABOKO,Tubercule,1a439fbc77b5e503fbe017bc5ff65f151777384332.JPG,6000,4000,24.0,66.0,1119.0,False,False,False,False,False
LABOKO,Tranche,1a439fbc77b5e503fbe017bc5ff65f151777384338.JPG,6000,4000,24.0,66.0,1119.0,False,False,False,False,False
Pas possible,Tubercule,eeb516a9949d415d199a4ea2d9761a531777384349.JPG,6000,4000,24.0,60.7,1053.6,False,False,False,False,False
Pas possible,Tranche,eeb516a9949d415d199a4ea2d9761a531777384360.JPG,6000,4000,24.0,60.7,1053.6,False,False,False,False,False
CHIYAZI,Tubercule,df4abd6056505e8bfb5d18cb2657b8ce1777384373.JPG,6000,4000,24.0,46.6,867.3,False,True,False,False,True
CHIYAZI,Tranche,df4abd6056505e8bfb5d18cb2657b8ce1777384384.JPG,6000,4000,24.0,46.6,867.3,False,True,False,False,True
PAS POSSIBLE (nouveau),Tubercule,3e71ee48502e3e57970eaac4f0b070861777384391.JPG,6000,4000,24.0,55.4,1080.5,False,False,False,False,False
PAS POSSIBLE (nouveau),Tranche,3e71ee48502e3e57970eaac4f0b070861777384398.JPG,6000,4000,24.0,55.4,1080.5,False,False,False,False,False
Patte à cheval,Tubercule,8d58a78aa60328fb24644c237f9119df1777384405.JPG,6000,4000,24.0,51.7,966.6,False,True,False,False,True
Patte à cheval,Tranche,8d58a78aa60328fb24644c237f9119df1777384412.JPG,6000,4000,24.0,51.7,966.6,False,True,False,False,True
Luc GC,Tubercule,e0d12f0792b72e0a1758a53e86a6ddb41777384420.JPG,6000,4000,24.0,46.8,892.0,False,True,False,False,True
Luc GC,Tranche,e0d12f0792b72e0a1758a53e86a6ddb41777384426.JPG,6000,4000,24.0,46.8,892.0,False,True,False,False,True
OP3,Tubercule,2373c55fa52df7531ec8e119cff4eea31777384455.JPG,6000,4000,24.0,51.8,957.8,False,True,False,False,True
OP3,Tranche,2373c55fa52df7531ec8e119cff4eea31777384467.JPG,6000,4000,24.0,51.8,957.8,False,True,False,False,True
Adon-CRB,Tubercule,5d59c14cad41978512a27d31062fadc71777384474.JPG,6000,4000,24.0,62.2,1133.7,False,False,False,False,False
Adon-CRB,Tranche,5d59c14cad41978512a27d31062fadc71777384481.JPG,6000,4000,24.0,62.2,1133.7,False,False,False,False,False
Reunion,Tubercule,79a40352b4a5f2890ca2f1af2b8b764a1777384488.JPG,6000,4000,24.0,55.9,968.6,False,False,False,False,False
Reunion,Tranche,79a40352b4a5f2890ca2f1af2b8b764a1777384495.JPG,6000,4000,24.0,55.9,968.6,False,False,False,False,False
Assam,Tubercule,d75c3c37c650de28e3887a88dbb9a0811777384508.JPG,6000,4000,24.0,53.9,1070.4,False,True,False,False,True
Assam,Tranche,d75c3c37c650de28e3887a88dbb9a0811777384519.JPG,6000,4000,24.0,53.9,1070.4,False,True,False,False,True
Spindle,Tubercule,6933f0f482b047bcc390777d53dbc6251777384526.JPG,6000,4000,24.0,55.9,968.6,False,False,False,False,False
Spindle,Tranche,6933f0f482b047bcc390777d53dbc6251777384532.JPG,6000,4000,24.0,55.9,968.6,False,False,False,False,False
Pas possible IRAT,Tubercule,789777cda79b886da3753659aae651801777384545.JPG,6000,4000,24.0,58.0,1092.3,False,False,False,False,False
Pas possible IRAT,Tranche,789777cda79b886da3753659aae651801777384557.JPG,6000,4000,24.0,58.0,1092.3,False,False,False,False,False
ZAMEY,Tubercule,6f25a792041922021e59ffd352fd7a9e1777384570.JPG,6000,4000,24.0,53.5,980.9,False,True,False,False,True
ZAMEY,Tranche,6f25a792041922021e59ffd352fd7a9e1777384584.JPG,6000,4000,24.0,53.5,980.9,False,True,False,False,True
CI-GWA,Tubercule,f837d3da96986a47c7602a80cf734b7e1777384599.JPG,6000,4000,24.0,44.7,763.8,False,True,False,False,True
CI-GWA,Tranche,f837d3da96986a47c7602a80cf734b7e1777384619.JPG,6000,4000,24.0,44.7,763.8,False,True,False,False,True
Autofécondation-74F-3,Tubercule,71d0ec3a3419e955292e0c7158f8173c1777384636.JPG,6000,4000,24.0,39.7,692.0,False,True,False,False,True
Autofécondation-74F-3,Tranche,71d0ec3a3419e955292e0c7158f8173c1777384659.JPG,6000,4000,24.0,39.7,692.0,False,True,False,False,True
Autofécondation-DOU-3,Tubercule,2b3a554e34d29a5c065898ead0d9d08f1777384677.JPG,6000,4000,24.0,40.6,621.6,False,True,False,False,True
Autofécondation-DOU-3,Tranche,2b3a554e34d29a5c065898ead0d9d08f1777384694.JPG,6000,4000,24.0,40.6,621.6,False,True,False,False,True
Autofécondation-61F-3,Tubercule,5473688ee7b1ba6e9623ac7af67be5ce1777384720.JPG,6000,4000,24.0,38.9,703.1,False,True,False,False,True
Autofécondation-61F-3,Tranche,5473688ee7b1ba6e9623ac7af67be5ce1777384742.JPG,6000,4000,24.0,38.9,703.1,False,True,False,False,True
Autofécondation-61F-4,Tubercule,23e49bffe140249156b04d12897fb6591777384761.JPG,6000,4000,24.0,37.6,555.2,False,True,False,False,True
Autofécondation-61F-4,Tranche,23e49bffe140249156b04d12897fb6591777384774.JPG,6000,4000,24.0,37.6,555.2,False,True,False,False,True
Autofécondation61F-5,Tubercule,c9b9bd49fdbd98c71f91ea670a4a9c971777384797.JPG,6000,4000,24.0,42.0,732.4,False,True,False,False,True
Autofécondation61F-5,Tranche,c9b9bd49fdbd98c71f91ea670a4a9c971777384815.JPG,6000,4000,24.0,42.0,732.4,False,True,False,False,True
Autofécondation-KREOLINE-1,Tubercule,9dce515bc8e75d548e2fb825f31b0db61777384831.JPG,6000,4000,24.0,46.9,859.6,False,True,False,False,True
Autofécondation-KREOLINE-1,Tranche,9dce515bc8e75d548e2fb825f31b0db61777384845.JPG,6000,4000,24.0,46.9,859.6,False,True,False,False,True
Autofécondation-KREOLINE-3,Tubercule,d549322169ee0a4aad0d01efe6f47f541777384865.JPG,6000,4000,24.0,47.6,856.9,False,True,False,False,True
Autofécondation-KREOLINE-3,Tranche,d549322169ee0a4aad0d01efe6f47f541777384885.JPG,6000,4000,24.0,47.6,856.9,False,True,False,False,True
Autofécondation-KREOLINE-4,Tubercule,c353c080e2f9f41b91a19e87530a91901777384909.JPG,6000,4000,24.0,45.5,781.9,False,True,False,False,True
Autofécondation-KREOLINE-4,Tranche,c353c080e2f9f41b91a19e87530a91901777384920.JPG,6000,4000,24.0,45.5,781.9,False,True,False,False,True
CIR-K032,Tubercule,f2a0a68ce606e57595c4b8e05b4c32251777384934.JPG,6000,4000,24.0,45.8,926.3,False,True,False,False,True
CIR-K032,Tranche,f2a0a68ce606e57595c4b8e05b4c32251777384946.JPG,6000,4000,24.0,45.8,926.3,False,True,False,False,True
3253,Tubercule,0dd7862e77fb2a17bdba6d3b01b5af5e1777384957.JPG,6000,4000,24.0,53.8,990.7,False,True,False,False,True
3253,Tranche,0dd7862e77fb2a17bdba6d3b01b5af5e1777384971.JPG,6000,4000,24.0,53.8,990.7,False,True,False,False,True
CIRAD300,Tubercule,cf997fa7f98a37260bfc463eec65c9da1777384977.JPG,6000,4000,24.0,48.8,826.2,False,True,False,False,True
CIRAD300,Tranche,cf997fa7f98a37260bfc463eec65c9da1777384983.JPG,6000,4000,24.0,48.8,826.2,False,True,False,False,True
Igname jaune CIRAD,Tubercule,fe7f2dc2157474dcc0227fab76060aed1777384989.JPG,6000,4000,24.0,48.2,1364.1,False,True,False,False,True
Igname jaune CIRAD,Tranche,fe7f2dc2157474dcc0227fab76060aed1777384995.JPG,6000,4000,24.0,48.2,1364.1,False,True,False,False,True
74F-violet,Tubercule,b987c37e25a692058b349414b47fde721780928116.JPG,6000,4000,24.0,43.1,762.9,False,True,False,False,True
74F-violet,Tranche,b987c37e25a692058b349414b47fde721780928467.JPG,6000,4000,24.0,43.1,762.9,False,True,False,False,True
