code_cirad,nom_accession,espece,nb_photos,feuille,tubercule,tranche,manque,statut
2841,2841,Dioscorea alata,3,Non,Oui,Oui,Feuille,Incomplète
2848,2848,Dioscorea alata,6,Oui,Oui,Oui,,Complète
2852,2852,Dioscorea alata,2,Non,Oui,Oui,Feuille,Incomplète
3168,3168,Dioscorea alata,2,Non,Oui,Oui,Feuille,Incomplète
3187,3187,Dioscorea alata,3,Non,Oui,Oui,Feuille,Incomplète
3202,3202,Dioscorea alata,1,Non,Non,Oui,"Feuille, Tubercule",Incomplète
3210,3210,Dioscorea alata,0,Non,Non,Non,"Feuille, Tubercule, Tranche/chair",Aucune photo
3233,3233,Dioscorea alata,2,Non,Non,Oui,"Feuille, Tubercule",Incomplète
3245,3245,Dioscorea alata,0,Non,Non,Non,"Feuille, Tubercule, Tranche/chair",Aucune photo
3255,3255,Dioscorea alata,0,Non,Non,Non,"Feuille, Tubercule, Tranche/chair",Aucune photo
3753,3753,Dioscorea alata,3,Non,Oui,Oui,Feuille,Incomplète
3764,3764,Dioscorea alata,3,Non,Oui,Oui,Feuille,Incomplète
3920,3920,Dioscorea alata,3,Non,Oui,Oui,Feuille,Incomplète
4113,4113,Dioscorea alata,1,Non,Oui,Non,"Feuille, Tranche/chair",Incomplète
4144,4144,Dioscorea alata,3,Non,Oui,Oui,Feuille,Incomplète
4147,4147,Dioscorea alata,0,Non,Non,Non,"Feuille, Tubercule, Tranche/chair",Aucune photo
4676,4676,Dioscorea alata,0,Non,Non,Non,"Feuille, Tubercule, Tranche/chair",Aucune photo
4838,4838,Dioscorea alata,3,Non,Oui,Oui,Feuille,Incomplète
4926,4926,Dioscorea alata,3,Non,Oui,Oui,Feuille,Incomplète
4948,4948,Dioscorea alata,3,Non,Oui,Oui,Feuille,Incomplète
3915,3915,Dioscorea alata,2,Non,Oui,Oui,Feuille,Incomplète
4048,4048,Dioscorea alata,4,Non,Oui,Oui,Feuille,Incomplète
4126,4126,Dioscorea alata,3,Non,Oui,Oui,Feuille,Incomplète
2861,2861,Dioscorea alata,7,Oui,Oui,Oui,,Complète
2873,2873,Dioscorea alata,0,Non,Non,Non,"Feuille, Tubercule, Tranche/chair",Aucune photo
3128,3128,D. rotundata,1,Non,Oui,Non,"Feuille, Tranche/chair",Incomplète
3135,3135,Dioscorea alata,2,Non,Oui,Non,"Feuille, Tranche/chair",Incomplète
3249,3249,Dioscorea alata,0,Non,Non,Non,"Feuille, Tubercule, Tranche/chair",Aucune photo
3916,3916,Dioscorea alata,4,Oui,Oui,Oui,,Complète
4046,4046,Dioscorea alata,4,Non,Oui,Oui,Feuille,Incomplète
4052,4052,Dioscorea alata,0,Non,Non,Non,"Feuille, Tubercule, Tranche/chair",Aucune photo
4128,4128,Dioscorea alata,3,Non,Oui,Oui,Feuille,Incomplète
4639,4639,Dioscorea alata,2,Non,Oui,Oui,Feuille,Incomplète
4956,4956,Dioscorea alata,0,Non,Non,Non,"Feuille, Tubercule, Tranche/chair",Aucune photo
5088,5088,Dioscorea alata,3,Non,Oui,Oui,Feuille,Incomplète
1006,1006,Dioscorea alata,3,Non,Oui,Oui,Feuille,Incomplète
1221,1221,Dioscorea alata,2,Non,Oui,Oui,Feuille,Incomplète
1186,1186,Dioscorea alata,3,Non,Oui,Oui,Feuille,Incomplète
3132,3132,Dioscorea alata,3,Non,Oui,Oui,Feuille,Incomplète
3203,3203,Dioscorea alata,3,Non,Oui,Oui,Feuille,Incomplète
3762,3762,Dioscorea alata,3,Non,Oui,Oui,Feuille,Incomplète
4929,4929,Dioscorea alata,3,Non,Oui,Oui,Feuille,Incomplète
2868,2868,Dioscorea alata,0,Non,Non,Non,"Feuille, Tubercule, Tranche/chair",Aucune photo
4042,4042,Dioscorea alata,2,Non,Oui,Oui,Feuille,Incomplète
1278,1278,Dioscorea alata,0,Non,Non,Non,"Feuille, Tubercule, Tranche/chair",Aucune photo
1326,1326,Dioscorea alata,3,Non,Oui,Oui,Feuille,Incomplète
1467,1467,Dioscorea alata,7,Oui,Oui,Oui,,Complète
3150,3150,Dioscorea alata,7,Oui,Oui,Oui,,Complète
4678,4678,Dioscorea alata,3,Non,Oui,Oui,Feuille,Incomplète
1414,1414,Dioscorea alata,7,Oui,Oui,Oui,,Complète
1475,1475,Dioscorea alata,2,Non,Oui,Oui,Feuille,Incomplète
1247,1247,Dioscorea alata,2,Non,Oui,Oui,Feuille,Incomplète
1173,1173,D. alata,0,Non,Non,Non,"Feuille, Tubercule, Tranche/chair",Aucune photo
,1328,,0,Non,Non,Non,"Feuille, Tubercule, Tranche/chair",Aucune photo
1185,1185,Dioscorea alata,4,Non,Oui,Oui,Feuille,Incomplète
1372,1372,Dioscorea alata,3,Non,Oui,Oui,Feuille,Incomplète
2842,2842,Dioscorea alata,2,Non,Oui,Oui,Feuille,Incomplète
1371,1371,Dioscorea alata,0,Non,Non,Non,"Feuille, Tubercule, Tranche/chair",Aucune photo
4890,4890,Dioscorea alata,3,Non,Oui,Oui,Feuille,Incomplète
4941,4941,Dioscorea alata,2,Non,Oui,Oui,Feuille,Incomplète
5080,5080,Dioscorea alata,2,Non,Oui,Oui,Feuille,Incomplète
3805,3805,Dioscorea alata,2,Non,Oui,Oui,Feuille,Incomplète
4830,4830,Dioscorea alata,7,Oui,Oui,Oui,,Complète
4878,4878,Dioscorea alata,3,Non,Oui,Oui,Feuille,Incomplète
4950,4950,Dioscorea alata,2,Non,Oui,Oui,Feuille,Incomplète
5140,5140,Dioscorea alata,2,Non,Oui,Oui,Feuille,Incomplète
3121,3121,Dioscorea alata,2,Non,Oui,Non,"Feuille, Tranche/chair",Incomplète
4823,4823,Dioscorea alata,3,Non,Oui,Oui,Feuille,Incomplète
2562,2562,D. rotundata,2,Non,Oui,Oui,Feuille,Incomplète
2866,2866,Dioscorea alata,0,Non,Non,Non,"Feuille, Tubercule, Tranche/chair",Aucune photo
3836,3836,Dioscorea alata,0,Non,Non,Non,"Feuille, Tubercule, Tranche/chair",Aucune photo
5146,5146,Dioscorea alata,3,Non,Oui,Oui,Feuille,Incomplète
3264,3264,Dioscorea alata,3,Non,Oui,Oui,Feuille,Incomplète
3702,3702,Dioscorea alata,2,Non,Oui,Oui,Feuille,Incomplète
3754,3754,Dioscorea alata,3,Non,Oui,Oui,Feuille,Incomplète
3912,3912,Dioscorea rotundata,6,Oui,Oui,Oui,,Complète
CRB25,AIA 445,Dioscorea alata,2,Non,Oui,Oui,Feuille,Incomplète
CRB26,Nouméa,Dioscorea alata,0,Non,Non,Non,"Feuille, Tubercule, Tranche/chair",Aucune photo
CRB38,DA 26,Dioscorea alata,2,Non,Oui,Oui,Feuille,Incomplète
CRB39,Telemaque,Dioscorea alata,0,Non,Non,Non,"Feuille, Tubercule, Tranche/chair",Aucune photo
CRB40,De agua,Dioscorea alata,2,Non,Oui,Oui,Feuille,Incomplète
CRB50,AIA 443,Dioscorea alata,0,Non,Non,Non,"Feuille, Tubercule, Tranche/chair",Aucune photo
CRB52,Sweet yam,Dioscorea alata,0,Non,Non,Non,"Feuille, Tubercule, Tranche/chair",Aucune photo
CRB56,DA 27,Dioscorea alata,2,Non,Oui,Oui,Feuille,Incomplète
CIRAD86,Brésil 1,Dioscorea alata,2,Non,Oui,Oui,Feuille,Incomplète
CRB58,Americano,Dioscorea alata,3,Non,Oui,Oui,Feuille,Incomplète
CRB60,St Domingue,Dioscorea alata,2,Non,Oui,Oui,Feuille,Incomplète
CRB62,Bacala 2,Dioscorea alata,2,Non,Oui,Oui,Feuille,Incomplète
CRB64,St Vincent Violet,Dioscorea alata,2,Non,Oui,Oui,Feuille,Incomplète
CRB66,Buet,Dioscorea alata,2,Non,Oui,Oui,Feuille,Incomplète
CRB67,Bacala 1,Dioscorea alata,6,Oui,Oui,Oui,,Complète
CRB70,Morado,Dioscorea alata,0,Non,Non,Non,"Feuille, Tubercule, Tranche/chair",Aucune photo
CRB86,Wénéféla bis,Dioscorea alata,3,Non,Oui,Oui,Feuille,Incomplète
CRB92,Purple Lisbon,Dioscorea alata,2,Non,Oui,Oui,Feuille,Incomplète
CRB94,Renta Yam,Dioscorea alata,0,Non,Non,Non,"Feuille, Tubercule, Tranche/chair",Aucune photo
CRB97,Toro,Dioscorea alata,2,Non,Oui,Oui,Feuille,Incomplète
CRB102,SEA 184,Dioscorea alata,0,Non,Non,Non,"Feuille, Tubercule, Tranche/chair",Aucune photo
,nan,,0,Non,Non,Non,"Feuille, Tubercule, Tranche/chair",Aucune photo
,nan,,0,Non,Non,Non,"Feuille, Tubercule, Tranche/chair",Aucune photo
,nan,,0,Non,Non,Non,"Feuille, Tubercule, Tranche/chair",Aucune photo
,nan,,0,Non,Non,Non,"Feuille, Tubercule, Tranche/chair",Aucune photo
CRB110,Caillade 1,Dioscorea alata,0,Non,Non,Non,"Feuille, Tubercule, Tranche/chair",Aucune photo
CRB115,SEA 144,Dioscorea alata,0,Non,Non,Non,"Feuille, Tubercule, Tranche/chair",Aucune photo
CRB36,Tahiti messien,Dioscorea alata,4,Non,Oui,Oui,Feuille,Incomplète
CRB63,Ti Joseph 1,Dioscorea alata,2,Non,Oui,Oui,Feuille,Incomplète
CRB107,St Martin,Dioscorea alata,3,Non,Oui,Oui,Feuille,Incomplète
CRB418,A 19,Dioscorea alata,2,Non,Oui,Oui,Feuille,Incomplète
CRB622,Wabé,Dioscorea alata,6,Oui,Oui,Oui,,Complète
CRB83,Tana,Dioscorea alata,6,Oui,Oui,Oui,,Complète
Roujol83,61F,Dioscorea alata,3,Non,Oui,Oui,Feuille,Incomplète
Roujol20,MALALAGI (VU 639),Dioscorea alata,2,Non,Oui,Oui,Feuille,Incomplète
Roujol95,H4X-200 (Rosette),Dioscorea alata,5,Oui,Non,Non,"Tubercule, Tranche/chair",Incomplète
Roujol96,TiBou/7F,Dioscorea rotundata,2,Non,Oui,Oui,Feuille,Incomplète
CRB19,Pacala Tardif,Dioscorea alata,2,Non,Oui,Oui,Feuille,Incomplète
CRB76,Vino Purple forme,Dioscorea alata,0,Non,Non,Non,"Feuille, Tubercule, Tranche/chair",Aucune photo
CRB155,Monoique,Dioscorea rotundata,0,Non,Non,Non,"Feuille, Tubercule, Tranche/chair",Aucune photo
CRB448,Mono 25-2,Dioscorea rotundata,0,Non,Non,Non,"Feuille, Tubercule, Tranche/chair",Aucune photo
Roujol84,LABOKO,Dioscorea rotundata,5,Non,Oui,Oui,Feuille,Incomplète
CRB764,Coco,Dioscorea rotundata,0,Non,Non,Non,"Feuille, Tubercule, Tranche/chair",Aucune photo
CRB765,Belo,Dioscorea rotundata,0,Non,Non,Non,"Feuille, Tubercule, Tranche/chair",Aucune photo
CRB766,TiClair,Dioscorea rotundata,0,Non,Non,Non,"Feuille, Tubercule, Tranche/chair",Aucune photo
Roujol53,14M,Dioscorea alata,5,Oui,Oui,Oui,,Complète
Roujol49,74F,Dioscorea alata,9,Oui,Oui,Oui,,Complète
CRB417,A 14,Dioscorea alata,8,Oui,Oui,Oui,,Complète
CRB416,A 17,Dioscorea alata,7,Oui,Oui,Oui,,Complète
G455,A 2,Dioscorea alata,5,Non,Oui,Oui,Feuille,Incomplète
CRB401,A 21,Dioscorea alata,2,Non,Oui,Oui,Feuille,Incomplète
CRB402,A 22,Dioscorea alata,5,Non,Oui,Oui,Feuille,Incomplète
CRB453,A 24,Dioscorea alata,5,Non,Oui,Oui,Feuille,Incomplète
CRB387,A 6,Dioscorea alata,9,Oui,Oui,Oui,,Complète
CRB388,A 9,Dioscorea alata,7,Oui,Oui,Oui,,Complète
CRB95,Belep,Dioscorea alata,5,Oui,Oui,Oui,,Complète
CRB77,Bete Bete,Dioscorea alata,4,Non,Oui,Oui,Feuille,Incomplète
CRB390,Boutou,Dioscorea alata,9,Oui,Oui,Oui,,Complète
CRB112,Caplaou,Dioscorea alata,4,Non,Oui,Oui,Feuille,Incomplète
CRB68,Cinq,Dioscorea alata,4,Oui,Oui,Oui,,Complète
CRB27,Divin,Dioscorea alata,8,Oui,Oui,Oui,,Complète
CRB759,Dou - H4x431,Dioscorea alata,7,Oui,Oui,Oui,,Complète
CRB22,Fénakué,Dioscorea alata,3,Non,Oui,Oui,Feuille,Incomplète
CRB41,Florido,Dioscorea alata,3,Non,Oui,Oui,Feuille,Incomplète
CRB43,Goana,Dioscorea alata,5,Oui,Oui,Oui,,Complète
CRB37,Gordito,Dioscorea alata,2,Non,Oui,Oui,Feuille,Incomplète
CRB79,Grand Etang,Dioscorea alata,9,Non,Oui,Oui,Feuille,Incomplète
CRB147,Grosse caille 3 mois,Dioscorea rotundata,3,Non,Oui,Oui,Feuille,Incomplète
Roujol81,"H4X131, Cirabel",Dioscorea alata,8,Oui,Oui,Oui,,Complète
Roujol66,"H4X172, KREOLINE",Dioscorea alata,5,Oui,Oui,Oui,,Complète
Roujol71,"H4X274, Ticoli",Dioscorea alata,7,Oui,Oui,Oui,,Complète
CRB391,HYB 30,Dioscorea alata,7,Oui,Oui,Oui,,Complète
CRB428,HYB 5,Dioscorea alata,7,Oui,Oui,Oui,,Complète
CRB475,HYB 6,Dioscorea alata,3,Non,Oui,Oui,Feuille,Incomplète
CRB152,Igname Jaune,D. cayenensis,3,Non,Oui,Oui,Feuille,Incomplète
CRB757,INRA X 154,Dioscorea alata,8,Oui,Oui,Oui,,Complète
G15003,INRA15,Dioscorea alata,3,Non,Oui,Oui,Feuille,Incomplète
Roujol43,Kabusa,Dioscorea alata,8,Oui,Oui,Oui,,Complète
CRB96,Kinabayo,Dioscorea alata,4,Non,Oui,Oui,Feuille,Incomplète
CRB629,KL 21,Dioscorea alata,4,Non,Oui,Oui,Feuille,Incomplète
CRB519,Lac bleu 3,Dioscorea trifida,0,Non,Non,Non,"Feuille, Tubercule, Tranche/chair",Aucune photo
CRB767,Manlankon,Dioscorea alata,4,Non,Oui,Oui,Feuille,Incomplète
CRB73,MP1 16H56,Dioscorea alata,4,Non,Oui,Oui,Feuille,Incomplète
Roujol29,"Noulelcae, CT198",Dioscorea alata,9,Oui,Oui,Oui,,Complète
CRB768,"Nureangdan, CT202",Dioscorea alata,5,Non,Oui,Oui,Feuille,Incomplète
CRB93,Oriental,Dioscorea alata,4,Non,Oui,Oui,Feuille,Incomplète
CRB403,Pacala,Dioscorea alata,3,Non,Oui,Oui,Feuille,Incomplète
CRB16,Pakutrany,Dioscorea alata,3,Non,Oui,Oui,Feuille,Incomplète
Roujol19,"Peter, CT177",Dioscorea alata,8,Oui,Oui,Oui,,Complète
CRB47,Plimbite,Dioscorea alata,4,Non,Oui,Oui,Feuille,Incomplète
Roujol1,"Ptris, CT133",Dioscorea alata,4,Non,Oui,Oui,Feuille,Incomplète
CRB51,Pyramide,Dioscorea alata,6,Oui,Oui,Oui,,Complète
Roujol68,Roujol - H4x242,Dioscorea alata,4,Oui,Oui,Oui,,Complète
CRB65,Sea 190,Dioscorea alata,3,Non,Oui,Oui,Feuille,Incomplète
Roujol11,Sinoua CT160,Dioscorea alata,3,Non,Oui,Oui,Feuille,Incomplète
CRB476,St Vincent blanc,Dioscorea alata,2,Non,Oui,Oui,Feuille,Incomplète
CRB762,TiViolet - H4x105,Dioscorea alata,7,Oui,Oui,Oui,,Complète
CRB454,Toki (SEA 119),Dioscorea alata,3,Oui,Oui,Oui,,Complète
Roujol9,"Toufi Tetea, CT148",Dioscorea alata,6,Oui,Oui,Oui,,Complète
G623,Wassa,Dioscorea alata,4,Oui,Oui,Oui,,Complète
CIR-B235,CIRAD235,Dioscorea alata,5,Oui,Oui,Non,Tranche/chair,Incomplète
CIR-A047,KARUKERA,Dioscorea alata,4,Non,Oui,Oui,Feuille,Incomplète
CIR-A049,DESIRABLE,Dioscorea alata,4,Non,Oui,Oui,Feuille,Incomplète
CIR-A064,TROPICAL,Dioscorea alata,4,Non,Oui,Oui,Feuille,Incomplète
CIR-A110,REGIONAL,Dioscorea alata,3,Non,Oui,Oui,Feuille,Incomplète
CIR-A118,DEFI,Dioscorea alata,4,Non,Oui,Oui,Feuille,Incomplète
CIR-A005,C5,Dioscorea alata,4,Non,Oui,Oui,Feuille,Incomplète
CIR-A094,Evolution,Dioscorea alata,8,Oui,Oui,Oui,,Complète
CIRAD184,CIR-B037,Dioscorea alata,2,Non,Oui,Oui,Feuille,Incomplète
CIR-B051,CIR-B051,Dioscorea alata,2,Non,Oui,Oui,Feuille,Incomplète
CIR-B120,CIR-B120,Dioscorea alata,2,Non,Oui,Oui,Feuille,Incomplète
CIRAD187,CIR-B016,Dioscorea alata,2,Non,Oui,Oui,Feuille,Incomplète
CIR-B202,CIR-B202,Dioscorea alata,3,Non,Oui,Oui,Feuille,Incomplète
CIR-B185,CIR-B185,Dioscorea alata,6,Oui,Oui,Oui,,Complète
CIR-B214,CIR-B214,Dioscorea alata,6,Oui,Oui,Oui,,Complète
CIR-B151,CIR-B151,Dioscorea alata,3,Non,Oui,Oui,Feuille,Incomplète
CIR-C078,CIR-C100,Dioscorea alata,0,Non,Non,Non,"Feuille, Tubercule, Tranche/chair",Aucune photo
CIR-C077,CIR-C101,Dioscorea alata,0,Non,Non,Non,"Feuille, Tubercule, Tranche/chair",Aucune photo
CIR-C090,CIR-C102,Dioscorea alata,0,Non,Non,Non,"Feuille, Tubercule, Tranche/chair",Aucune photo
CIR-C092,CIR-C103,Dioscorea alata,0,Non,Non,Non,"Feuille, Tubercule, Tranche/chair",Aucune photo
CIR-C010,CIR-C104,Dioscorea alata,0,Non,Non,Non,"Feuille, Tubercule, Tranche/chair",Aucune photo
CIR-K025,CIR-K050,Dioscorea alata,0,Non,Non,Non,"Feuille, Tubercule, Tranche/chair",Aucune photo
CIR-C100,CIR-K051,Dioscorea alata,0,Non,Non,Non,"Feuille, Tubercule, Tranche/chair",Aucune photo
CIR-K042,CIR-K052,Dioscorea alata,0,Non,Non,Non,"Feuille, Tubercule, Tranche/chair",Aucune photo
4638,4638,Dioscorea alata,0,Non,Non,Non,"Feuille, Tubercule, Tranche/chair",Aucune photo
4938,4938,Dioscorea alata,2,Non,Oui,Oui,Feuille,Incomplète
CIR-D050,CIR-D050,Dioscorea alata,0,Non,Non,Non,"Feuille, Tubercule, Tranche/chair",Aucune photo
Roujol86,Pas possible,Dioscorea esculenta,2,Non,Oui,Oui,Feuille,Incomplète
3253,nan,Dioscorea alata,0,Non,Non,Non,"Feuille, Tubercule, Tranche/chair",Aucune photo
,nan,,0,Non,Non,Non,"Feuille, Tubercule, Tranche/chair",Aucune photo
Roujol87,CHIYAZI,Dioscorea alata,8,Oui,Oui,Oui,,Complète
CIR-B244,CIR-B244,Dioscorea alata,2,Non,Oui,Oui,Feuille,Incomplète
CIR-D030,CIR-D030,Dioscorea alata,0,Non,Non,Non,"Feuille, Tubercule, Tranche/chair",Aucune photo
CIRAD210,Ruby,Dioscorea alata,2,Non,Oui,Oui,Feuille,Incomplète
CIRAD211,Ado,Disocorea bulbifera,6,Oui,Oui,Oui,,Complète
CIR-A03,CIRADO,Dioscorea alata,0,Non,Non,Non,"Feuille, Tubercule, Tranche/chair",Aucune photo
CIR-A39,Elie,Dioscorea alata,3,Non,Oui,Oui,Feuille,Incomplète
CIR-A54,Hana,Dioscorea alata,4,Non,Oui,Oui,Feuille,Incomplète
CIR-A67,Gwadikera,Dioscorea alata,5,Non,Oui,Oui,Feuille,Incomplète
CRB68-bis,CRB68-bis,Dioscorea alata,2,Non,Oui,Oui,Feuille,Incomplète
CIRAD217,CIRAD217,Dioscorea alata,2,Non,Oui,Oui,Feuille,Incomplète
CIRAD218,74F-violet,Dioscorea alata,5,Non,Oui,Oui,Feuille,Incomplète
CIRAD219,PAS POSSIBLE (nouveau),Dioscorea esculenta,2,Non,Oui,Oui,Feuille,Incomplète
CIRAD220,Patte à cheval,Dioscorea trifida,9,Oui,Oui,Oui,,Complète
CRB305,Luc GC,D. rotundata,4,Non,Oui,Oui,Feuille,Incomplète
CRB597,Mgs 5,D. cayenenesis rotundata,0,Non,Non,Non,"Feuille, Tubercule, Tranche/chair",Aucune photo
CIRAD223,OP3,,7,Oui,Oui,Oui,,Complète
CRB383,Adon-CRB,Disocorea bulbifera,2,Non,Oui,Oui,Feuille,Incomplète
CRB477,Réunion,Disocorea bulbifera,1,Non,Non,Oui,"Feuille, Tubercule",Incomplète
CRB478,Thuma,Disocorea bulbifera,0,Non,Non,Non,"Feuille, Tubercule, Tranche/chair",Aucune photo
CRB365,Name de Papa,Dioscorea esculenta,0,Non,Non,Non,"Feuille, Tubercule, Tranche/chair",Aucune photo
CRB389,Assam,Dioscorea esculenta,5,Non,Oui,Oui,Feuille,Incomplète
CRB458,Spindle,Dioscorea esculenta,2,Non,Oui,Oui,Feuille,Incomplète
CRB459,Pas possible IRAT,Dioscorea esculenta,10,Oui,Oui,Oui,,Complète
CRB469,SEA 273,Dioscorea esculenta,0,Non,Non,Non,"Feuille, Tubercule, Tranche/chair",Aucune photo
CIRAD232,ZAMEY,Dioscorea alata,2,Non,Oui,Oui,Feuille,Incomplète
CIRAD233,CI-GWA,Dioscorea alata,2,Non,Oui,Oui,Feuille,Incomplète
CIRAD234 (4638???),CITOYENNE,Dioscorea alata,0,Non,Non,Non,"Feuille, Tubercule, Tranche/chair",Aucune photo
CIRAD235,Autofécondation-74F-3,Dioscorea alata,2,Non,Oui,Oui,Feuille,Incomplète
CIRAD236,Autofécondation-DOU-1,Dioscorea alata,0,Non,Non,Non,"Feuille, Tubercule, Tranche/chair",Aucune photo
CIRAD237,Autofécondation-DOU-2,Dioscorea alata,0,Non,Non,Non,"Feuille, Tubercule, Tranche/chair",Aucune photo
CIRAD238,Autofécondation-DOU-3,Dioscorea alata,2,Non,Oui,Oui,Feuille,Incomplète
CIRAD239,Autofécondation-DOU-4,Dioscorea alata,0,Non,Non,Non,"Feuille, Tubercule, Tranche/chair",Aucune photo
CIRAD240,Autofécondation-DOU-5,Dioscorea alata,0,Non,Non,Non,"Feuille, Tubercule, Tranche/chair",Aucune photo
CIRAD241,Autofécondation-61F-1,Dioscorea alata,0,Non,Non,Non,"Feuille, Tubercule, Tranche/chair",Aucune photo
CIRAD242,Autofécondation-61F-2,Dioscorea alata,0,Non,Non,Non,"Feuille, Tubercule, Tranche/chair",Aucune photo
CIRAD243,Autofécondation-61F-3,Dioscorea alata,2,Non,Oui,Oui,Feuille,Incomplète
CIRAD244,Autofécondation-61F-4,Dioscorea alata,2,Non,Oui,Oui,Feuille,Incomplète
CIRAD245,Autofécondation61F-5,Dioscorea alata,2,Non,Oui,Oui,Feuille,Incomplète
CIRAD246,Autofécondation-KREOLINE-1,Dioscorea alata,2,Non,Oui,Oui,Feuille,Incomplète
CIRAD247,Autofécondation-KREOLINE-3,Dioscorea alata,2,Non,Oui,Oui,Feuille,Incomplète
CIRAD248,Autofécondation-KREOLINE-4,Dioscorea alata,2,Non,Oui,Oui,Feuille,Incomplète
CIRAD249,Autofécondation-KREOLINE-5,Dioscorea alata,0,Non,Non,Non,"Feuille, Tubercule, Tranche/chair",Aucune photo
CIR-C103,CIR-C-103,Dioscorea alata,0,Non,Non,Non,"Feuille, Tubercule, Tranche/chair",Aucune photo
CIR-L037,CIR-L037,Dioscorea alata,0,Non,Non,Non,"Feuille, Tubercule, Tranche/chair",Aucune photo
CIR-B079,CIR-B079,Dioscorea alata,0,Non,Non,Non,"Feuille, Tubercule, Tranche/chair",Aucune photo
CIR-B142,CIR-B142,Dioscorea alata,0,Non,Non,Non,"Feuille, Tubercule, Tranche/chair",Aucune photo
CIR-A071,CIR-A071,Dioscorea alata,0,Non,Non,Non,"Feuille, Tubercule, Tranche/chair",Aucune photo
CIR-K032,CIR-K032,Dioscorea alata,2,Non,Oui,Oui,Feuille,Incomplète
CIR-P006,CIR-P006,Dioscorea alata,0,Non,Non,Non,"Feuille, Tubercule, Tranche/chair",Aucune photo
CIR-A025,CIR-A25,Dioscorea alata,0,Non,Non,Non,"Feuille, Tubercule, Tranche/chair",Aucune photo
CIR-D036,CIR-D036,Dioscorea alata,0,Non,Non,Non,"Feuille, Tubercule, Tranche/chair",Aucune photo
CIR-C104,nan,Dioscorea alata,0,Non,Non,Non,"Feuille, Tubercule, Tranche/chair",Aucune photo
CIR-K050,nan,Dioscorea alata,0,Non,Non,Non,"Feuille, Tubercule, Tranche/chair",Aucune photo
3153,3253,Dioscorea alata,5,Non,Oui,Oui,Feuille,Incomplète
CIR-C101,nan,Dioscorea alata,0,Non,Non,Non,"Feuille, Tubercule, Tranche/chair",Aucune photo
CIR-K051,nan,Dioscorea alata,0,Non,Non,Non,"Feuille, Tubercule, Tranche/chair",Aucune photo
CIR-C052,CIR-C052,Dioscorea alata,0,Non,Non,Non,"Feuille, Tubercule, Tranche/chair",Aucune photo
CIRAD269,nan,Dioscorea alata,0,Non,Non,Non,"Feuille, Tubercule, Tranche/chair",Aucune photo
CIRAD271,nan,Dioscorea alata,0,Non,Non,Non,"Feuille, Tubercule, Tranche/chair",Aucune photo
CIRAD272,nan,Dioscorea alata,0,Non,Non,Non,"Feuille, Tubercule, Tranche/chair",Aucune photo
CIRAD273,nan,Dioscorea alata,0,Non,Non,Non,"Feuille, Tubercule, Tranche/chair",Aucune photo
CIRAD274,nan,Dioscorea alata,0,Non,Non,Non,"Feuille, Tubercule, Tranche/chair",Aucune photo
CIRAD275,nan,Dioscorea alata,0,Non,Non,Non,"Feuille, Tubercule, Tranche/chair",Aucune photo
CIRAD276,nan,Dioscorea alata,0,Non,Non,Non,"Feuille, Tubercule, Tranche/chair",Aucune photo
CIRAD277,nan,Dioscorea alata,0,Non,Non,Non,"Feuille, Tubercule, Tranche/chair",Aucune photo
CIRAD278,nan,Disocorea bulbifera,0,Non,Non,Non,"Feuille, Tubercule, Tranche/chair",Aucune photo
CIRAD279,Amoumbé 1,Dioscorea trifida,0,Non,Non,Non,"Feuille, Tubercule, Tranche/chair",Aucune photo
CIRAD280,grosse caille jaune,Dioscorea rotundata,0,Non,Non,Non,"Feuille, Tubercule, Tranche/chair",Aucune photo
CIRAD300,CIRAD300,Dioscorea alata,4,Non,Oui,Oui,Feuille,Incomplète
CIRAD301,Igname jaune CIRAD,Dioscorea cayenensis,4,Non,Oui,Oui,Feuille,Incomplète
CIRAD302,14M-AND-001,Dioscorea alata,0,Non,Non,Non,"Feuille, Tubercule, Tranche/chair",Aucune photo
CIRAD303,14M-AND-002,Dioscorea alata,0,Non,Non,Non,"Feuille, Tubercule, Tranche/chair",Aucune photo
CIRAD304,IJ-AND-001,Dioscorea cayenensis,0,Non,Non,Non,"Feuille, Tubercule, Tranche/chair",Aucune photo
CIRAD305,iJ-AND-002,Dioscorea cayenensis,0,Non,Non,Non,"Feuille, Tubercule, Tranche/chair",Aucune photo
,nan,,0,Non,Non,Non,"Feuille, Tubercule, Tranche/chair",Aucune photo
,nan,,0,Non,Non,Non,"Feuille, Tubercule, Tranche/chair",Aucune photo
,nan,,0,Non,Non,Non,"Feuille, Tubercule, Tranche/chair",Aucune photo
,nan,,0,Non,Non,Non,"Feuille, Tubercule, Tranche/chair",Aucune photo
,nan,,0,Non,Non,Non,"Feuille, Tubercule, Tranche/chair",Aucune photo
,nan,,0,Non,Non,Non,"Feuille, Tubercule, Tranche/chair",Aucune photo
,nan,,0,Non,Non,Non,"Feuille, Tubercule, Tranche/chair",Aucune photo
,nan,,0,Non,Non,Non,"Feuille, Tubercule, Tranche/chair",Aucune photo
,nan,,0,Non,Non,Non,"Feuille, Tubercule, Tranche/chair",Aucune photo
,nan,,0,Non,Non,Non,"Feuille, Tubercule, Tranche/chair",Aucune photo
,nan,,0,Non,Non,Non,"Feuille, Tubercule, Tranche/chair",Aucune photo
,nan,,0,Non,Non,Non,"Feuille, Tubercule, Tranche/chair",Aucune photo
,nan,,0,Non,Non,Non,"Feuille, Tubercule, Tranche/chair",Aucune photo
,nan,,0,Non,Non,Non,"Feuille, Tubercule, Tranche/chair",Aucune photo
,nan,,0,Non,Non,Non,"Feuille, Tubercule, Tranche/chair",Aucune photo
,nan,,0,Non,Non,Non,"Feuille, Tubercule, Tranche/chair",Aucune photo
,nan,,0,Non,Non,Non,"Feuille, Tubercule, Tranche/chair",Aucune photo
,nan,,0,Non,Non,Non,"Feuille, Tubercule, Tranche/chair",Aucune photo
,nan,,0,Non,Non,Non,"Feuille, Tubercule, Tranche/chair",Aucune photo
,nan,,0,Non,Non,Non,"Feuille, Tubercule, Tranche/chair",Aucune photo
,nan,,0,Non,Non,Non,"Feuille, Tubercule, Tranche/chair",Aucune photo
,nan,,0,Non,Non,Non,"Feuille, Tubercule, Tranche/chair",Aucune photo
,nan,,0,Non,Non,Non,"Feuille, Tubercule, Tranche/chair",Aucune photo
,nan,,0,Non,Non,Non,"Feuille, Tubercule, Tranche/chair",Aucune photo
,nan,,0,Non,Non,Non,"Feuille, Tubercule, Tranche/chair",Aucune photo
,nan,,0,Non,Non,Non,"Feuille, Tubercule, Tranche/chair",Aucune photo
,nan,,0,Non,Non,Non,"Feuille, Tubercule, Tranche/chair",Aucune photo
,nan,,0,Non,Non,Non,"Feuille, Tubercule, Tranche/chair",Aucune photo
,nan,,0,Non,Non,Non,"Feuille, Tubercule, Tranche/chair",Aucune photo
,nan,,0,Non,Non,Non,"Feuille, Tubercule, Tranche/chair",Aucune photo
,nan,,0,Non,Non,Non,"Feuille, Tubercule, Tranche/chair",Aucune photo
,nan,,0,Non,Non,Non,"Feuille, Tubercule, Tranche/chair",Aucune photo
,nan,,0,Non,Non,Non,"Feuille, Tubercule, Tranche/chair",Aucune photo
,nan,,0,Non,Non,Non,"Feuille, Tubercule, Tranche/chair",Aucune photo
,nan,,0,Non,Non,Non,"Feuille, Tubercule, Tranche/chair",Aucune photo
,nan,,0,Non,Non,Non,"Feuille, Tubercule, Tranche/chair",Aucune photo
