code,fichier_source,raison
CIRAD1,1-.JPG,plante décalée gauche (-0.30)
CIRAD174,174(1)-.JPG,plante décalée gauche (-0.41)
CIRAD2,2-.JPG,plante décalée gauche (-0.39)
CIRAD4,4-.JPG,plante décalée droite (+0.29)
CIRAD6,6-.JPG,plante décalée gauche (-0.29)
CIRAD8,8-.JPG,plante décalée gauche (-0.40)
CIRAD174,174(4).JPG,plante décalée gauche (-0.43)
CIRAD213,213(3).JPG,plante décalée gauche (-0.35)
CIRAD213,213(4).JPG,plante décalée droite (+0.39)
CIRAD213,213(7).JPG,plante décalée gauche (-0.36)
CIRAD213,213(t).JPG,plante décalée gauche (-0.39)
CIRAD23,23.JPG,plante décalée droite (+0.53)
CIRAD103,103.JPG,plante décalée gauche (-0.46)
CIRAD125,125.JPG,plante décalée droite (+0.29)
CIRAD128,128.JPG,plante décalée droite (+0.34)
CIRAD138,138.JPG,plante décalée droite (+0.33)
CIRAD143,143.JPG,plante décalée droite (+0.71)
CIRAD213,213(10).JPG,plante décalée droite (+0.49)
CIRAD213,213(11).JPG,plante décalée droite (+0.31)
CIRAD88,88.JPG,plante décalée gauche (-0.40)
CIRAD152,152.JPG,plante décalée droite (+0.44)
CIRAD154,154.JPG,plante décalée droite (+0.44)
CIRAD161,161.JPG,plante décalée gauche (-0.30)
CIRAD171,171.JPG,plante décalée droite (+0.46)
CIRAD174,174(15).JPG,plante décalée droite (+0.41)
CIRAD181,181.JPG,plante décalée gauche (-0.31)
CIRAD213,213(16).JPG,plante décalée gauche (-0.31)
CIRAD213,213(17).JPG,plante décalée droite (+0.40)
CIRAD213,213(20).JPG,plante décalée gauche (-0.29)
CIRAD213,213(22).JPG,plante décalée droite (+0.28)
CIRAD218,218.JPG,plante décalée gauche (-0.29)
CIRAD222,222.JPG,plante décalée droite (+0.30)
CIRAD280,280.JPG,plante décalée droite (+0.46)
CIRAD152,152.JPG,plante décalée droite (+0.31)
CIRAD174,174(23).JPG,plante décalée gauche (-0.30)
CIRAD213,213(24).JPG,plante décalée droite (+0.28)
CIRAD220,220.JPG,plante décalée gauche (-0.45)
CIRAD225,225.JPG,plante décalée gauche (-0.35)
CIRAD231,231.JPG,plante décalée gauche (-0.31)
CIRAD257,257.JPG,plante décalée droite (+0.30)
CIRAD26,26.JPG,plante décalée droite (+0.29)
CIRAD279,279.JPG,plante décalée droite (+0.44)
CIRAD301,301.JPG,plante décalée gauche (-0.30)
