code,cote,ampleur,photo_source
CIRAD143,droite,0.53,143.JPG
CIRAD220,gauche,0.41,220.JPG
CIRAD171,droite,0.39,171.JPG
CIRAD103,gauche,0.39,103.JPG
CIRAD280,droite,0.39,280.JPG
CIRAD154,droite,0.36,154.JPG
CIRAD279,droite,0.33,279.JPG
CIRAD152,droite,0.3,152.JPG
CIRAD181,gauche,0.3,181.JPG
CIRAD172,droite,0.3,172.JPG
CIRAD88,gauche,0.28,88.JPG
CIRAD226,droite,0.28,226.JPG
CIRAD180,gauche,0.27,180.JPG
CIRAD169,droite,0.26,169.JPG
CIRAD4,droite,0.26,4-.JPG
CIRAD145,gauche,0.26,145.JPG
CIRAD138,droite,0.25,138.JPG
CIRAD170,droite,0.25,170.JPG
CIRAD301,gauche,0.25,301.JPG
CIRAD139,droite,0.25,139.JPG
CIRAD109,droite,0.25,109.JPG
CIRAD64,droite,0.23,64.JPG
CIRAD120,droite,0.23,120.JPG
CIRAD146,gauche,0.23,146.JPG
CIRAD125,droite,0.23,125.JPG
CIRAD128,droite,0.22,128.JPG
CIRAD110,droite,0.22,110.JPG
CIRAD134,gauche,0.22,134.JPG
CIRAD235,gauche,0.22,235.JPG
CIRAD74,gauche,0.22,74.JPG
CIRAD30,droite,0.22,30.JPG
CIRAD231,gauche,0.22,231.JPG
CIRAD232,gauche,0.21,232.JPG
CIRAD26,droite,0.21,26.JPG
CIRAD23,droite,0.2,23.JPG
CIRAD257,droite,0.2,257.JPG
CIRAD129,droite,0.2,129.JPG
CIRAD53,gauche,0.2,53.JPG
CIRAD186,droite,0.2,186.JPG
