fichier,vol,code,nom_accession,espece,statut
1-.JPG,DJI_202607291124_003,CIRAD1,2841,Dioscorea alata,OK
11.JPG,DJI_202607291124_003,CIRAD11,3753,Dioscorea alata,OK
12-.JPG,DJI_202607291124_003,CIRAD12,3764,Dioscorea alata,OK
13-.JPG,DJI_202607291124_003,CIRAD13,3920,Dioscorea alata,OK
14-.JPG,DJI_202607291124_003,CIRAD14,4113,Dioscorea alata,OK
147(2).JPG,DJI_202607291124_003,CIRAD147,HYB 30,Dioscorea alata,OK
15-.JPG,DJI_202607291124_003,CIRAD15,4144,Dioscorea alata,OK
174(1)-.JPG,DJI_202607291124_003,CIRAD174,"Toufi Tetea, CT148",Dioscorea alata,OK
18-.JPG,DJI_202607291124_003,CIRAD18,4838,Dioscorea alata,OK
19-.JPG,DJI_202607291124_003,CIRAD19,4926,Dioscorea alata,OK
2-.JPG,DJI_202607291124_003,CIRAD2,2848,Dioscorea alata,OK
20-.JPG,DJI_202607291124_003,CIRAD20,4948,Dioscorea alata,OK
213(2).JPG,DJI_202607291124_003,CIRAD213,Elie,Dioscorea alata,OK
217.JPG,DJI_202607291124_003,CIRAD217,CIRAD217,Dioscorea alata,OK
3-.JPG,DJI_202607291124_003,CIRAD3,2852,Dioscorea alata,OK
4-.JPG,DJI_202607291124_003,CIRAD4,3168,Dioscorea alata,OK
5-.JPG,DJI_202607291124_003,CIRAD5,3187,Dioscorea alata,OK
6-.JPG,DJI_202607291124_003,CIRAD6,3202,Dioscorea alata,OK
8-.JPG,DJI_202607291124_003,CIRAD8,3233,Dioscorea alata,OK
174(3).JPG,DJI_202607311102_002,CIRAD174,"Toufi Tetea, CT148",Dioscorea alata,OK
174(4).JPG,DJI_202607311102_002,CIRAD174,"Toufi Tetea, CT148",Dioscorea alata,OK
174(5).JPG,DJI_202607311102_002,CIRAD174,"Toufi Tetea, CT148",Dioscorea alata,OK
174(6).JPG,DJI_202607311102_002,CIRAD174,"Toufi Tetea, CT148",Dioscorea alata,OK
174(7).JPG,DJI_202607311102_002,CIRAD174,"Toufi Tetea, CT148",Dioscorea alata,OK
174(8).JPG,DJI_202607311102_002,CIRAD174,"Toufi Tetea, CT148",Dioscorea alata,OK
213(3).JPG,DJI_202607311102_002,CIRAD213,Elie,Dioscorea alata,OK
213(4).JPG,DJI_202607311102_002,CIRAD213,Elie,Dioscorea alata,OK
213(5).JPG,DJI_202607311102_002,CIRAD213,Elie,Dioscorea alata,OK
213(6).JPG,DJI_202607311102_002,CIRAD213,Elie,Dioscorea alata,OK
213(7).JPG,DJI_202607311102_002,CIRAD213,Elie,Dioscorea alata,OK
213(8).JPG,DJI_202607311102_002,CIRAD213,Elie,Dioscorea alata,OK
213(t).JPG,DJI_202607311102_002,CIRAD213,Elie,Dioscorea alata,OK
22.JPG,DJI_202607311102_002,CIRAD22,4048,Dioscorea alata,OK
23.JPG,DJI_202607311102_002,CIRAD23,4126,Dioscorea alata,OK
24.JPG,DJI_202607311102_002,CIRAD24,2861,Dioscorea alata,OK
27.JPG,DJI_202607311102_002,CIRAD27,3135,Dioscorea alata,OK
276.JPG,DJI_202607311102_002,CIRAD276,,Dioscorea alata,OK
277.JPG,DJI_202607311102_002,CIRAD277,,Dioscorea alata,OK
29.JPG,DJI_202607311102_002,CIRAD29,3916,Dioscorea alata,OK
30.JPG,DJI_202607311102_002,CIRAD30,4046,Dioscorea alata,OK
300.JPG,DJI_202607311102_002,CIRAD300,CIRAD300,Dioscorea alata,OK
32.JPG,DJI_202607311102_002,CIRAD32,4128,Dioscorea alata,OK
34.JPG,DJI_202607311102_002,CIRAD34,4639,Dioscorea alata,OK
36.JPG,DJI_202607311102_002,CIRAD36,5088,Dioscorea alata,OK
37.JPG,DJI_202607311102_002,CIRAD37,1006,Dioscorea alata,OK
38.JPG,DJI_202607311102_002,CIRAD38,1221,Dioscorea alata,OK
39.JPG,DJI_202607311102_002,CIRAD39,1186,Dioscorea alata,OK
40.JPG,DJI_202607311102_002,CIRAD40,3132,Dioscorea alata,OK
41.JPG,DJI_202607311102_002,CIRAD41,3203,Dioscorea alata,OK
42.JPG,DJI_202607311102_002,CIRAD42,3762,Dioscorea alata,OK
43.JPG,DJI_202607311102_002,CIRAD43,4929,Dioscorea alata,OK
45.JPG,DJI_202607311102_002,CIRAD45,4042,Dioscorea alata,OK
47.JPG,DJI_202607311102_002,CIRAD47,1326,Dioscorea alata,OK
48.JPG,DJI_202607311102_002,CIRAD48,1467,Dioscorea alata,OK
49.JPG,DJI_202607311102_002,CIRAD49,3150,Dioscorea alata,OK
50.JPG,DJI_202607311102_002,CIRAD50,4678,Dioscorea alata,OK
51.JPG,DJI_202607311102_002,CIRAD51,1414,Dioscorea alata,OK
53.JPG,DJI_202607311102_002,CIRAD53,1247,Dioscorea alata,OK
54.JPG,DJI_202607311102_002,CIRAD54,1173,D. alata,OK
57.JPG,DJI_202607311102_002,CIRAD57,1372,Dioscorea alata,OK
58.JPG,DJI_202607311102_002,CIRAD58,2842,Dioscorea alata,OK
60.JPG,DJI_202607311102_002,CIRAD60,4890,Dioscorea alata,OK
61.JPG,DJI_202607311102_002,CIRAD61,4941,Dioscorea alata,OK
62.JPG,DJI_202607311102_002,CIRAD62,5080,Dioscorea alata,OK
63.JPG,DJI_202607311102_002,CIRAD63,3805,Dioscorea alata,OK
64.JPG,DJI_202607311102_002,CIRAD64,4830,Dioscorea alata,OK
65.JPG,DJI_202607311102_002,CIRAD65,4878,Dioscorea alata,OK
66.JPG,DJI_202607311102_002,CIRAD66,4950,Dioscorea alata,OK
67.JPG,DJI_202607311102_002,CIRAD67,5140,Dioscorea alata,OK
68.JPG,DJI_202607311102_002,CIRAD68,3121,Dioscorea alata,OK
69.JPG,DJI_202607311102_002,CIRAD69,4823,Dioscorea alata,OK
73.JPG,DJI_202607311102_002,CIRAD73,5146,Dioscorea alata,OK
74.JPG,DJI_202607311102_002,CIRAD74,3264,Dioscorea alata,OK
75.JPG,DJI_202607311102_002,CIRAD75,3702,Dioscorea alata,OK
76.JPG,DJI_202607311102_002,CIRAD76,3754,Dioscorea alata,OK
78.JPG,DJI_202607311102_002,CIRAD78,AIA 445,Dioscorea alata,OK
80.JPG,DJI_202607311102_002,CIRAD80,DA 26,Dioscorea alata,OK
82.JPG,DJI_202607311102_002,CIRAD82,De agua,Dioscorea alata,OK
85.JPG,DJI_202607311102_002,CIRAD85,DA 27,Dioscorea alata,OK
DJI_20260731112635_0066_D.JPG,DJI_202607311102_002,,,,non identifié
102.JPG,DJI_202607311128_003,CIRAD102,Tahiti messien,Dioscorea alata,OK
103.JPG,DJI_202607311128_003,CIRAD103,Ti Joseph 1,Dioscorea alata,OK
104.JPG,DJI_202607311128_003,CIRAD104,St Martin,Dioscorea alata,OK
105.JPG,DJI_202607311128_003,CIRAD105,A 19,Dioscorea alata,OK
106.JPG,DJI_202607311128_003,CIRAD106,Wabé,Dioscorea alata,OK
107.JPG,DJI_202607311128_003,CIRAD107,Tana,Dioscorea alata,OK
108.JPG,DJI_202607311128_003,CIRAD108,61F,Dioscorea alata,OK
109.JPG,DJI_202607311128_003,CIRAD109,MALALAGI (VU 639),Dioscorea alata,OK
110.JPG,DJI_202607311128_003,CIRAD110,H4X-200 (Rosette),Dioscorea alata,OK
111.JPG,DJI_202607311128_003,CIRAD111,TiBou/7F,Dioscorea rotundata,OK
112.JPG,DJI_202607311128_003,CIRAD112,Pacala Tardif,Dioscorea alata,OK
120.JPG,DJI_202607311128_003,CIRAD120,14M,Dioscorea alata,OK
121.JPG,DJI_202607311128_003,CIRAD121,74F,Dioscorea alata,OK
122.JPG,DJI_202607311128_003,CIRAD122,A 14,Dioscorea alata,OK
123.JPG,DJI_202607311128_003,CIRAD123,A 17,Dioscorea alata,OK
124.JPG,DJI_202607311128_003,CIRAD124,A 2,Dioscorea alata,OK
125.JPG,DJI_202607311128_003,CIRAD125,A 21,Dioscorea alata,OK
126.JPG,DJI_202607311128_003,CIRAD126,A 22,Dioscorea alata,OK
127.JPG,DJI_202607311128_003,CIRAD127,A 24,Dioscorea alata,OK
128.JPG,DJI_202607311128_003,CIRAD128,A 6,Dioscorea alata,OK
129.JPG,DJI_202607311128_003,CIRAD129,A 9,Dioscorea alata,OK
130.JPG,DJI_202607311128_003,CIRAD130,Belep,Dioscorea alata,OK
131.JPG,DJI_202607311128_003,CIRAD131,Bete Bete,Dioscorea alata,OK
133.JPG,DJI_202607311128_003,CIRAD133,Boutou,Dioscorea alata,OK
134.JPG,DJI_202607311128_003,CIRAD134,Caplaou,Dioscorea alata,OK
135.JPG,DJI_202607311128_003,CIRAD135,Cinq,Dioscorea alata,OK
136.JPG,DJI_202607311128_003,CIRAD136,Divin,Dioscorea alata,OK
137.JPG,DJI_202607311128_003,CIRAD137,Dou - H4x431,Dioscorea alata,OK
138.JPG,DJI_202607311128_003,CIRAD138,Fénakué,Dioscorea alata,OK
139.JPG,DJI_202607311128_003,CIRAD139,Florido,Dioscorea alata,OK
140.JPG,DJI_202607311128_003,CIRAD140,Goana,Dioscorea alata,OK
141.JPG,DJI_202607311128_003,CIRAD141,Gordito,Dioscorea alata,OK
142.JPG,DJI_202607311128_003,CIRAD142,Grand Etang,Dioscorea alata,OK
143.JPG,DJI_202607311128_003,CIRAD143,Grosse caille 3 mois,Dioscorea rotundata,OK
144.JPG,DJI_202607311128_003,CIRAD144,"H4X131, Cirabel",Dioscorea alata,OK
145.JPG,DJI_202607311128_003,CIRAD145,"H4X172, KREOLINE",Dioscorea alata,OK
146.JPG,DJI_202607311128_003,CIRAD146,"H4X274, Ticoli",Dioscorea alata,OK
147.JPG,DJI_202607311128_003,CIRAD147,HYB 30,Dioscorea alata,OK
174(10).JPG,DJI_202607311128_003,CIRAD174,"Toufi Tetea, CT148",Dioscorea alata,OK
174(11).JPG,DJI_202607311128_003,CIRAD174,"Toufi Tetea, CT148",Dioscorea alata,OK
174(12).JPG,DJI_202607311128_003,CIRAD174,"Toufi Tetea, CT148",Dioscorea alata,OK
174(13).JPG,DJI_202607311128_003,CIRAD174,"Toufi Tetea, CT148",Dioscorea alata,OK
174(14).JPG,DJI_202607311128_003,CIRAD174,"Toufi Tetea, CT148",Dioscorea alata,OK
174(9).JPG,DJI_202607311128_003,CIRAD174,"Toufi Tetea, CT148",Dioscorea alata,OK
213(10).JPG,DJI_202607311128_003,CIRAD213,Elie,Dioscorea alata,OK
213(11).JPG,DJI_202607311128_003,CIRAD213,Elie,Dioscorea alata,OK
213(12).JPG,DJI_202607311128_003,CIRAD213,Elie,Dioscorea alata,OK
213(13).JPG,DJI_202607311128_003,CIRAD213,Elie,Dioscorea alata,OK
213(14).JPG,DJI_202607311128_003,CIRAD213,Elie,Dioscorea alata,OK
213(9).JPG,DJI_202607311128_003,CIRAD213,Elie,Dioscorea alata,OK
86.JPG,DJI_202607311128_003,CIRAD86,Brésil 1,Dioscorea alata,OK
87.JPG,DJI_202607311128_003,CIRAD87,Americano,Dioscorea alata,OK
88.JPG,DJI_202607311128_003,CIRAD88,St Domingue,Dioscorea alata,OK
90.JPG,DJI_202607311128_003,CIRAD90,Bacala 2,Dioscorea alata,OK
91.JPG,DJI_202607311128_003,CIRAD91,St Vincent Violet,Dioscorea alata,OK
92.JPG,DJI_202607311128_003,CIRAD92,Buet,Dioscorea alata,OK
93.JPG,DJI_202607311128_003,CIRAD93,Bacala 1,Dioscorea alata,OK
95.JPG,DJI_202607311128_003,CIRAD95,Wénéféla bis,Dioscorea alata,OK
96.JPG,DJI_202607311128_003,CIRAD96,Purple Lisbon,Dioscorea alata,OK
98.JPG,DJI_202607311128_003,CIRAD98,Toro,Dioscorea alata,OK
148.JPG,DJI_202608041006_002,CIRAD148,HYB 5,Dioscorea alata,OK
149.JPG,DJI_202608041006_002,CIRAD149,HYB 6,Dioscorea alata,OK
151.JPG,DJI_202608041006_002,CIRAD151,INRA X 154,Dioscorea alata,OK
152.JPG,DJI_202608041006_002,CIRAD152,INRA15,Dioscorea alata,OK
153.JPG,DJI_202608041006_002,CIRAD153,Kabusa,Dioscorea alata,OK
154.JPG,DJI_202608041006_002,CIRAD154,Kinabayo,Dioscorea alata,OK
155.JPG,DJI_202608041006_002,CIRAD155,KL 21,Dioscorea alata,OK
157.JPG,DJI_202608041006_002,CIRAD157,Manlankon,Dioscorea alata,OK
158.JPG,DJI_202608041006_002,CIRAD158,MP1 16H56,Dioscorea alata,OK
159.JPG,DJI_202608041006_002,CIRAD159,"Noulelcae, CT198",Dioscorea alata,OK
160.JPG,DJI_202608041006_002,CIRAD160,"Nureangdan, CT202",Dioscorea alata,OK
161.JPG,DJI_202608041006_002,CIRAD161,Oriental,Dioscorea alata,OK
162.JPG,DJI_202608041006_002,CIRAD162,Pacala,Dioscorea alata,OK
163.JPG,DJI_202608041006_002,CIRAD163,Pakutrany,Dioscorea alata,OK
164.JPG,DJI_202608041006_002,CIRAD164,"Peter, CT177",Dioscorea alata,OK
166.JPG,DJI_202608041006_002,CIRAD166,"Ptris, CT133",Dioscorea alata,OK
167.JPG,DJI_202608041006_002,CIRAD167,Pyramide,Dioscorea alata,OK
168.JPG,DJI_202608041006_002,CIRAD168,Roujol - H4x242,Dioscorea alata,OK
169.JPG,DJI_202608041006_002,CIRAD169,Sea 190,Dioscorea alata,OK
170.JPG,DJI_202608041006_002,CIRAD170,Sinoua CT160,Dioscorea alata,OK
171.JPG,DJI_202608041006_002,CIRAD171,St Vincent blanc,Dioscorea alata,OK
172.JPG,DJI_202608041006_002,CIRAD172,TiViolet - H4x105,Dioscorea alata,OK
173.JPG,DJI_202608041006_002,CIRAD173,Toki (SEA 119),Dioscorea alata,OK
174(15).JPG,DJI_202608041006_002,CIRAD174,"Toufi Tetea, CT148",Dioscorea alata,OK
174(16).JPG,DJI_202608041006_002,CIRAD174,"Toufi Tetea, CT148",Dioscorea alata,OK
174(17).JPG,DJI_202608041006_002,CIRAD174,"Toufi Tetea, CT148",Dioscorea alata,OK
174(18).JPG,DJI_202608041006_002,CIRAD174,"Toufi Tetea, CT148",Dioscorea alata,OK
174(19).JPG,DJI_202608041006_002,CIRAD174,"Toufi Tetea, CT148",Dioscorea alata,OK
174(20).JPG,DJI_202608041006_002,CIRAD174,"Toufi Tetea, CT148",Dioscorea alata,OK
174(21).JPG,DJI_202608041006_002,CIRAD174,"Toufi Tetea, CT148",Dioscorea alata,OK
174(22).JPG,DJI_202608041006_002,CIRAD174,"Toufi Tetea, CT148",Dioscorea alata,OK
175.JPG,DJI_202608041006_002,CIRAD175,Wassa,Dioscorea alata,OK
176.JPG,DJI_202608041006_002,CIRAD176,CIRAD235,Dioscorea alata,OK
177.JPG,DJI_202608041006_002,CIRAD177,KARUKERA,Dioscorea alata,OK
178.JPG,DJI_202608041006_002,CIRAD178,DESIRABLE,Dioscorea alata,OK
179.JPG,DJI_202608041006_002,CIRAD179,TROPICAL,Dioscorea alata,OK
180.JPG,DJI_202608041006_002,CIRAD180,REGIONAL,Dioscorea alata,OK
181.JPG,DJI_202608041006_002,CIRAD181,DEFI,Dioscorea alata,OK
182.JPG,DJI_202608041006_002,CIRAD182,C5,Dioscorea alata,OK
183.JPG,DJI_202608041006_002,CIRAD183,Evolution,Dioscorea alata,OK
184.JPG,DJI_202608041006_002,CIRAD184,CIR-B037,Dioscorea alata,OK
185.JPG,DJI_202608041006_002,CIRAD185,CIR-B051,Dioscorea alata,OK
188.JPG,DJI_202608041006_002,CIRAD188,CIR-B202,Dioscorea alata,OK
189.JPG,DJI_202608041006_002,CIRAD189,CIR-B185,Dioscorea alata,OK
190.JPG,DJI_202608041006_002,CIRAD190,CIR-B214,Dioscorea alata,OK
191.JPG,DJI_202608041006_002,CIRAD191,CIR-B151,Dioscorea alata,OK
202.JPG,DJI_202608041006_002,CIRAD202,4938,Dioscorea alata,OK
205.JPG,DJI_202608041006_002,CIRAD205,,Dioscorea alata,OK
207.JPG,DJI_202608041006_002,CIRAD207,CHIYAZI,Dioscorea alata,OK
208.JPG,DJI_202608041006_002,CIRAD208,CIR-B244,Dioscorea alata,OK
210.JPG,DJI_202608041006_002,CIRAD210,Ruby,Dioscorea alata,OK
212.JPG,DJI_202608041006_002,CIRAD212,CIRADO,Dioscorea alata,OK
213(15).JPG,DJI_202608041006_002,CIRAD213,Elie,Dioscorea alata,OK
213(16).JPG,DJI_202608041006_002,CIRAD213,Elie,Dioscorea alata,OK
213(17).JPG,DJI_202608041006_002,CIRAD213,Elie,Dioscorea alata,OK
213(18).JPG,DJI_202608041006_002,CIRAD213,Elie,Dioscorea alata,OK
213(19).JPG,DJI_202608041006_002,CIRAD213,Elie,Dioscorea alata,OK
213(20).JPG,DJI_202608041006_002,CIRAD213,Elie,Dioscorea alata,OK
213(21).JPG,DJI_202608041006_002,CIRAD213,Elie,Dioscorea alata,OK
213(22).JPG,DJI_202608041006_002,CIRAD213,Elie,Dioscorea alata,OK
214.JPG,DJI_202608041006_002,CIRAD214,Hana,Dioscorea alata,OK
215.JPG,DJI_202608041006_002,CIRAD215,Gwadikera,Dioscorea alata,OK
216.JPG,DJI_202608041006_002,CIRAD216,CRB68-bis,Dioscorea alata,OK
218.JPG,DJI_202608041006_002,CIRAD218,74F-violet,Dioscorea alata,OK
222.JPG,DJI_202608041006_002,CIRAD222,Mgs 5,D. cayenenesis rotundata,OK
223.JPG,DJI_202608041006_002,CIRAD223,OP3,,OK
224.JPG,DJI_202608041006_002,CIRAD224,Adon-CRB,Disocorea bulbifera,OK
232.JPG,DJI_202608041006_002,CIRAD232,ZAMEY,Dioscorea alata,OK
233.JPG,DJI_202608041006_002,CIRAD233,CI-GWA,Dioscorea alata,OK
234.JPG,DJI_202608041006_002,CIRAD234,CITOYENNE,Dioscorea alata,OK
235.JPG,DJI_202608041006_002,CIRAD235,Autofécondation-74F-3,Dioscorea alata,OK
236.JPG,DJI_202608041006_002,CIRAD236,Autofécondation-DOU-1,Dioscorea alata,OK
237.JPG,DJI_202608041006_002,CIRAD237,Autofécondation-DOU-2,Dioscorea alata,OK
269.JPG,DJI_202608041006_002,CIRAD269,,Dioscorea alata,OK
272.JPG,DJI_202608041006_002,CIRAD272,,Dioscorea alata,OK
273.JPG,DJI_202608041006_002,CIRAD273,,Dioscorea alata,OK
274.JPG,DJI_202608041006_002,CIRAD274,,Dioscorea alata,OK
275.JPG,DJI_202608041006_002,CIRAD275,,Dioscorea alata,OK
280.JPG,DJI_202608041006_002,CIRAD280,grosse caille jaune,Dioscorea rotundata,OK
332.JPG,DJI_202608041006_002,CIRAD332,,,hors socle
152.JPG,DJI_202608041029_003,CIRAD152,INRA15,Dioscorea alata,OK
161.JPG,DJI_202608041029_003,CIRAD161,Oriental,Dioscorea alata,OK
174(23).JPG,DJI_202608041029_003,CIRAD174,"Toufi Tetea, CT148",Dioscorea alata,OK
174(24).JPG,DJI_202608041029_003,CIRAD174,"Toufi Tetea, CT148",Dioscorea alata,OK
174(25).JPG,DJI_202608041029_003,CIRAD174,"Toufi Tetea, CT148",Dioscorea alata,OK
174(26).JPG,DJI_202608041029_003,CIRAD174,"Toufi Tetea, CT148",Dioscorea alata,OK
174(27).JPG,DJI_202608041029_003,CIRAD174,"Toufi Tetea, CT148",Dioscorea alata,OK
179.JPG,DJI_202608041029_003,CIRAD179,TROPICAL,Dioscorea alata,OK
186.JPG,DJI_202608041029_003,CIRAD186,CIR-B120,Dioscorea alata,OK
204.JPG,DJI_202608041029_003,CIRAD204,Pas possible,Dioscorea esculenta,OK
211.JPG,DJI_202608041029_003,CIRAD211,Ado,Disocorea bulbifera,OK
213(23).JPG,DJI_202608041029_003,CIRAD213,Elie,Dioscorea alata,OK
213(24).JPG,DJI_202608041029_003,CIRAD213,Elie,Dioscorea alata,OK
213(25).JPG,DJI_202608041029_003,CIRAD213,Elie,Dioscorea alata,OK
213(26).JPG,DJI_202608041029_003,CIRAD213,Elie,Dioscorea alata,OK
213(27).JPG,DJI_202608041029_003,CIRAD213,Elie,Dioscorea alata,OK
219.JPG,DJI_202608041029_003,CIRAD219,PAS POSSIBLE (nouveau),Dioscorea esculenta,OK
220.JPG,DJI_202608041029_003,CIRAD220,Patte à cheval,Dioscorea trifida,OK
225.JPG,DJI_202608041029_003,CIRAD225,Réunion,Disocorea bulbifera,OK
226.JPG,DJI_202608041029_003,CIRAD226,Thuma,Disocorea bulbifera,OK
227.JPG,DJI_202608041029_003,CIRAD227,Name de Papa,Dioscorea esculenta,OK
228.JPG,DJI_202608041029_003,CIRAD228,Assam,Dioscorea esculenta,OK
229.JPG,DJI_202608041029_003,CIRAD229,Spindle,Dioscorea esculenta,OK
230.JPG,DJI_202608041029_003,CIRAD230,Pas possible IRAT,Dioscorea esculenta,OK
231.JPG,DJI_202608041029_003,CIRAD231,SEA 273,Dioscorea esculenta,OK
234.JPG,DJI_202608041029_003,CIRAD234,CITOYENNE,Dioscorea alata,OK
238.JPG,DJI_202608041029_003,CIRAD238,Autofécondation-DOU-3,Dioscorea alata,OK
239.JPG,DJI_202608041029_003,CIRAD239,Autofécondation-DOU-4,Dioscorea alata,OK
240.JPG,DJI_202608041029_003,CIRAD240,Autofécondation-DOU-5,Dioscorea alata,OK
241.JPG,DJI_202608041029_003,CIRAD241,Autofécondation-61F-1,Dioscorea alata,OK
242.JPG,DJI_202608041029_003,CIRAD242,Autofécondation-61F-2,Dioscorea alata,OK
243.JPG,DJI_202608041029_003,CIRAD243,Autofécondation-61F-3,Dioscorea alata,OK
244.JPG,DJI_202608041029_003,CIRAD244,Autofécondation-61F-4,Dioscorea alata,OK
245.JPG,DJI_202608041029_003,CIRAD245,Autofécondation61F-5,Dioscorea alata,OK
246.JPG,DJI_202608041029_003,CIRAD246,Autofécondation-KREOLINE-1,Dioscorea alata,OK
247.JPG,DJI_202608041029_003,CIRAD247,Autofécondation-KREOLINE-3,Dioscorea alata,OK
248.JPG,DJI_202608041029_003,CIRAD248,Autofécondation-KREOLINE-4,Dioscorea alata,OK
249.JPG,DJI_202608041029_003,CIRAD249,Autofécondation-KREOLINE-5,Dioscorea alata,OK
257.JPG,DJI_202608041029_003,CIRAD257,CIR-K032,Dioscorea alata,OK
26.JPG,DJI_202608041029_003,CIRAD26,3128,D. rotundata,OK
265.JPG,DJI_202608041029_003,CIRAD265,3253,Dioscorea alata,OK
279.JPG,DJI_202608041029_003,CIRAD279,Amoumbé 1,Dioscorea trifida,OK
301.JPG,DJI_202608041029_003,CIRAD301,Igname jaune CIRAD,Dioscorea cayenensis,OK
328.JPG,DJI_202608041029_003,CIRAD328,,,hors socle
329.JPG,DJI_202608041029_003,CIRAD329,,,hors socle
330.JPG,DJI_202608041029_003,CIRAD330,,,hors socle
331.JPG,DJI_202608041029_003,CIRAD331,,,hors socle
61.JPG,DJI_202608041029_003,CIRAD61,4941,Dioscorea alata,OK
70.JPG,DJI_202608041029_003,CIRAD70,2562,D. rotundata,OK
77.JPG,DJI_202608041029_003,CIRAD77,3912,Dioscorea rotundata,OK
