code_plantation,cal_sup2kg,cal_300_2000,cal_80_300,cal_0_80,poids_moyen_g,n_tubercules
CIRAD1,20,48,25,7,1366,44
CIRAD102,17,66,13,4,1138,53
CIRAD103,9,35,44,12,621,34
CIRAD104,14,59,22,6,944,51
CIRAD105,4,42,25,29,530,24
CIRAD106,8,68,19,5,787,62
CIRAD107,6,43,25,25,661,67
CIRAD108,24,62,10,4,1663,50
CIRAD109,6,55,34,5,677,77
CIRAD11,17,58,11,14,1032,36
CIRAD110,18,73,7,2,1129,56
CIRAD111,0,81,15,4,711,27
CIRAD112,5,68,26,0,831,19
CIRAD116,0,0,100,0,281,1
CIRAD12,0,50,25,25,468,24
CIRAD120,0,58,33,10,454,52
CIRAD121,36,47,8,8,1682,36
CIRAD122,27,55,15,3,1447,33
CIRAD123,6,79,11,4,931,47
CIRAD124,19,58,21,2,1244,53
CIRAD125,10,37,37,15,650,59
CIRAD126,14,66,19,2,1102,64
CIRAD127,2,58,25,15,699,48
CIRAD128,25,54,14,6,1424,79
CIRAD129,20,53,24,4,1160,51
CIRAD13,10,49,31,10,803,39
CIRAD130,2,60,33,4,589,48
CIRAD131,0,71,24,4,549,49
CIRAD133,17,72,11,0,1404,46
CIRAD134,9,61,27,3,721,33
CIRAD135,10,57,20,13,838,60
CIRAD136,26,67,8,0,1622,39
CIRAD137,8,77,10,5,991,39
CIRAD138,0,7,38,55,111,29
CIRAD139,4,59,23,14,629,56
CIRAD14,3,29,32,35,459,31
CIRAD140,20,57,19,4,1276,54
CIRAD141,10,66,20,4,900,70
CIRAD142,9,50,31,10,918,58
CIRAD143,15,70,11,4,925,27
CIRAD144,0,57,41,2,550,58
CIRAD145,11,76,11,3,1113,37
CIRAD146,17,57,24,2,1136,42
CIRAD147,17,62,15,6,1248,53
CIRAD148,22,59,13,6,1339,54
CIRAD149,30,66,4,0,1495,50
CIRAD15,12,53,29,6,917,51
CIRAD150,0,0,50,50,62,2
CIRAD151,26,62,12,0,1482,42
CIRAD152,5,65,27,3,717,60
CIRAD153,0,26,52,21,233,42
CIRAD154,14,45,26,14,910,42
CIRAD155,6,55,24,15,696,62
CIRAD156,0,0,33,67,121,3
CIRAD157,19,53,21,6,1250,62
CIRAD158,7,51,38,4,678,71
CIRAD159,16,82,2,0,1305,50
CIRAD160,28,33,17,22,1670,18
CIRAD161,8,46,37,9,712,65
CIRAD162,11,60,21,8,812,53
CIRAD163,4,32,49,15,416,78
CIRAD164,8,68,20,3,743,59
CIRAD165,4,70,15,11,636,27
CIRAD166,8,72,19,2,927,53
CIRAD167,14,58,27,2,1132,64
CIRAD168,34,55,9,2,1561,47
CIRAD169,5,78,18,0,817,40
CIRAD170,0,47,42,12,351,86
CIRAD171,40,51,4,4,1783,45
CIRAD172,21,61,16,2,1275,56
CIRAD173,12,44,38,6,1022,32
CIRAD174,55,38,7,0,2551,42
CIRAD175,0,5,29,67,86,21
CIRAD176,25,64,8,3,1339,75
CIRAD177,31,62,8,0,1462,26
CIRAD178,29,55,16,0,1647,58
CIRAD179,29,57,14,0,1733,58
CIRAD18,17,46,31,6,857,35
CIRAD180,40,49,8,3,1964,63
CIRAD181,38,58,4,0,1816,48
CIRAD182,32,57,8,3,1626,75
CIRAD183,38,55,4,2,2028,47
CIRAD184,6,33,39,22,547,18
CIRAD185,44,51,5,0,2113,41
CIRAD186,0,43,57,0,417,7
CIRAD188,18,75,8,0,1204,40
CIRAD189,16,63,21,0,981,43
CIRAD19,14,62,10,14,962,50
CIRAD190,28,57,9,6,1475,47
CIRAD191,18,63,12,6,1258,49
CIRAD198,0,0,100,0,105,1
CIRAD199,0,67,0,33,773,3
CIRAD2,16,52,28,4,1171,25
CIRAD20,8,49,25,18,655,51
CIRAD200,0,0,0,100,23,1
CIRAD201,0,89,11,0,761,9
CIRAD202,14,64,9,14,1139,22
CIRAD204,0,1,26,73,63,872
CIRAD205,0,56,38,6,356,16
CIRAD207,27,60,7,7,2056,15
CIRAD208,0,50,30,20,469,20
CIRAD21,0,50,0,50,219,2
CIRAD210,44,44,10,2,1852,41
CIRAD211,0,67,33,0,596,6
CIRAD212,49,46,5,0,2960,39
CIRAD213,34,51,10,5,1924,41
CIRAD214,37,49,4,10,1965,49
CIRAD215,40,51,7,2,2105,43
CIRAD216,15,60,21,4,986,47
CIRAD217,16,40,28,16,827,25
CIRAD218,69,26,5,0,3289,39
CIRAD219,0,1,19,80,50,404
CIRAD22,8,68,17,7,937,60
CIRAD221,22,67,11,0,1320,9
CIRAD222,11,78,11,0,1080,18
CIRAD223,32,53,16,0,1284,19
CIRAD224,0,0,33,67,62,6
CIRAD225,0,67,19,14,591,21
CIRAD226,0,6,61,33,137,18
CIRAD227,0,3,19,78,58,289
CIRAD228,0,24,50,26,202,78
CIRAD229,0,1,34,65,70,251
CIRAD23,5,46,38,11,611,37
CIRAD230,0,0,12,88,35,586
CIRAD231,0,1,8,91,33,454
CIRAD232,41,50,9,0,2477,46
CIRAD233,56,31,12,0,2409,16
CIRAD234,13,54,23,10,850,70
CIRAD235,53,37,11,0,2325,19
CIRAD236,36,56,5,3,2728,39
CIRAD237,12,75,12,0,1186,32
CIRAD238,22,56,17,6,1170,18
CIRAD239,17,66,14,3,1279,35
CIRAD24,3,76,12,9,791,34
CIRAD240,9,82,9,0,905,11
CIRAD241,26,49,23,3,1431,35
CIRAD242,41,52,3,3,2198,29
CIRAD243,32,59,7,2,1626,41
CIRAD244,46,46,5,3,2486,39
CIRAD245,37,51,12,0,2037,41
CIRAD246,50,41,0,9,2247,34
CIRAD247,26,61,8,5,1317,38
CIRAD248,33,50,8,8,1732,12
CIRAD249,38,62,0,0,1810,16
CIRAD257,50,25,25,0,1867,4
CIRAD26,0,89,0,11,681,9
CIRAD265,12,41,35,12,930,17
CIRAD269,75,25,0,0,2876,4
CIRAD27,9,47,35,9,709,55
CIRAD272,56,22,22,0,1729,9
CIRAD273,71,29,0,0,3035,17
CIRAD274,50,50,0,0,2184,8
CIRAD275,56,44,0,0,2180,16
CIRAD276,86,14,0,0,3984,7
CIRAD277,62,38,0,0,2648,16
CIRAD279,0,40,20,40,344,10
CIRAD280,0,86,14,0,666,21
CIRAD29,19,62,12,8,1029,26
CIRAD3,7,43,29,21,599,42
CIRAD30,0,67,33,0,968,3
CIRAD300,75,25,0,0,3438,4
CIRAD301,6,88,6,0,964,16
CIRAD32,7,65,19,9,879,43
CIRAD34,3,74,23,0,759,31
CIRAD36,9,59,22,11,668,46
CIRAD37,0,54,43,3,515,35
CIRAD38,23,57,10,10,1018,30
CIRAD39,0,7,34,59,107,29
CIRAD4,14,19,33,33,742,21
CIRAD40,7,40,28,26,548,43
CIRAD41,7,57,29,7,737,56
CIRAD42,21,53,21,4,1287,47
CIRAD43,20,44,33,3,1027,66
CIRAD45,28,47,21,5,1320,43
CIRAD47,8,42,33,17,669,60
CIRAD48,28,45,28,0,1326,47
CIRAD49,9,39,30,23,674,57
CIRAD5,5,34,53,7,589,58
CIRAD50,2,58,23,16,561,43
CIRAD51,0,59,41,0,442,34
CIRAD52,0,40,40,20,210,5
CIRAD53,28,44,28,0,1330,18
CIRAD54,27,47,20,5,1324,55
CIRAD56,0,35,55,10,278,20
CIRAD57,33,33,33,0,1119,3
CIRAD58,36,38,23,3,1790,39
CIRAD59,0,89,11,0,866,9
CIRAD6,19,52,30,0,1162,27
CIRAD60,10,51,31,8,850,59
CIRAD61,4,56,30,11,604,57
CIRAD62,7,72,13,7,876,54
CIRAD63,35,41,22,3,1783,37
CIRAD64,38,46,4,12,1841,24
CIRAD65,6,46,27,21,591,52
CIRAD66,0,41,47,12,387,17
CIRAD67,10,32,40,18,589,50
CIRAD68,11,50,33,6,883,18
CIRAD69,4,70,16,11,661,57
CIRAD70,13,52,19,16,930,31
CIRAD72,0,0,100,0,132,3
CIRAD73,2,63,27,8,532,59
CIRAD74,18,59,18,5,1150,56
CIRAD75,22,40,22,16,1066,50
CIRAD76,8,53,23,17,790,78
CIRAD77,19,53,19,9,1315,32
CIRAD78,4,54,42,0,675,26
CIRAD79,0,40,60,0,336,5
CIRAD8,11,65,15,9,943,55
CIRAD80,0,57,29,14,305,7
CIRAD82,0,51,31,18,455,45
CIRAD85,27,67,7,0,1454,30
CIRAD86,19,52,15,15,1142,27
CIRAD87,22,57,15,5,1524,40
CIRAD88,17,36,26,21,886,42
CIRAD90,0,47,53,0,419,19
CIRAD91,17,52,24,7,1072,46
CIRAD92,10,56,19,15,1010,52
CIRAD93,36,53,11,0,1637,47
CIRAD95,10,34,45,10,664,29
CIRAD96,5,71,24,0,854,38
CIRAD97,71,29,0,0,2623,7
CIRAD98,29,43,24,4,1550,68
