nom_accession,code_plantation_id,doi
A 14,CIRAD122,10.15454/IQ7DJG
A 2,CIRAD124,10.15454/FEJIWK
A 21,CIRAD125,10.15454/YY2DA9
A 22,CIRAD126,10.15454/RS63V6
A 24,CIRAD127,10.15454/B7321Q
A 6,CIRAD128,10.15454/BKBNWU
A 9,CIRAD129,10.15454/MQPXUK
Belep,CIRAD130,10.15454/PXQLBR
Bete Bete,CIRAD131,10.15454/0GB0GH
Borelli,CIRAD132,10.15454/2MCTRW
Caplaou,CIRAD134,10.15454/Z6SV0V
Cinq,CIRAD135,10.15454/YA9KQQ
Fénakué,CIRAD138,10.15454/0DBQ39
Goana,CIRAD140,10.15454/FFBSMT
Gordito,CIRAD141,10.15454/ZL2ZU2
Grand Etang,CIRAD142,10.15454/4TT1DX
Grosse caille 3 mois,CIRAD143,10.15454/6ELZ4S
HYB 30,CIRAD147,10.15454/WOB3V1
HYB 5,CIRAD148,10.15454/AJSPLS
HYB 6,CIRAD149,10.15454/TVQ9M1
Igname Jaune,CIRAD150,10.15454/NDOGVU
Kinabayo,CIRAD154,10.15454/SRBAD5
KL 21,CIRAD155,10.15454/MA2SJF
Lac bleu 3,CIRAD156,10.15454/4FP746
MP1 16H56,CIRAD158,10.15454/K313G4
Oriental,CIRAD161,10.15454/AWJFV8
Pacala,CIRAD162,10.15454/NXEOIB
Pakutrany,CIRAD163,10.15454/5RB124
Plimbite,CIRAD165,10.15454/ZUPTIZ
Pyramide,CIRAD167,10.15454/OMN92U
Sea 190,CIRAD169,10.15454/GBWNI0
St Vincent blanc,CIRAD171,10.15454/ACG8GX
Wassa,CIRAD175,10.15454/RM1QBK
2841,CIRAD1,10.18730/J8TFJ
2848,CIRAD2,10.18730/J8TPS
2852,CIRAD3,10.18730/J8TTX
3168,CIRAD4,10.18730/J8NYN
3187,CIRAD5,10.18730/J8PF1
3202,CIRAD6,10.18730/J8PVD
3210,CIRAD7,10.18730/J8Q3N
3233,CIRAD8,10.18730/J8QT7
3245,CIRAD9,10.18730/J866=
3255,CIRAD10,10.18730/J8R9P
3753,CIRAD11,10.18730/JAXST
3764,CIRAD12,10.18730/JAY40
3920,CIRAD13,10.18730/J94YM
4113,CIRAD14,10.18730/JB4TX
4144,CIRAD15,10.18730/JB5SQ
4147,CIRAD16,10.18730/JB5WT
4676,CIRAD17,10.18730/JBMMH
4838,CIRAD18,10.18730/JBST=
4926,CIRAD19,10.18730/JBWD7
4948,CIRAD20,10.18730/JBX3X
3915,CIRAD21,10.18730/JB1JU
4048,CIRAD22,10.18730/JB3GR
4126,CIRAD23,10.18730/JB575
2861,CIRAD24,10.18730/JAQVN
2873,CIRAD25,10.18730/J8FE=
3128,CIRAD26,10.18730/J8W0Y
3135,CIRAD27,10.18730/J8MZV
3249,CIRAD28,10.18730/J8680
3916,CIRAD29,10.18730/JB1K0
4046,CIRAD30,10.18730/JB3EP
4052,CIRAD31,10.18730/J95ZG
4128,CIRAD32,10.18730/JB597
4639,CIRAD34,10.18730/JB9DW
4956,CIRAD35,10.18730/JBXB0
5088,CIRAD36,10.18730/JC1EM
1006,CIRAD37,10.18730/J9807
3132,CIRAD40,10.18730/JARTF
3203,CIRAD41,10.18730/J8PWE
3762,CIRAD42,10.18730/JAY2=
4929,CIRAD43,10.18730/JBWGA
2868,CIRAD44,10.18730/J8F9Y
4042,CIRAD45,10.18730/JB3AJ
1467,CIRAD48,10.18730/J9V5W
3150,CIRAD49,10.18730/J8NC3
4678,CIRAD50,10.18730/JBMNJ
1414,CIRAD51,10.18730/J9HRQ
1475,CIRAD52,10.18730/J9VC=
1372,CIRAD57,10.18730/J87VE
1371,CIRAD59,10.18730/J87TD
4941,CIRAD61,10.18730/JBWWP
5080,CIRAD62,10.18730/JC16C
3805,CIRAD63,10.18730/JAYSN
4830,CIRAD64,10.18730/JBSJV
4950,CIRAD66,10.18730/JBX5Z
5140,CIRAD67,10.18730/JCY5E
3121,CIRAD68,10.18730/J8MSN
4823,CIRAD69,10.18730/JBSBM
2562,CIRAD70,10.18730/JAJ9W
2866,CIRAD71,10.18730/JAR0T
3836,CIRAD72,10.18730/J967R
5146,CIRAD73,10.18730/JCYBM
3264,CIRAD74,10.18730/J8RJZ
3702,CIRAD75,10.18730/J98T~
3754,CIRAD76,10.18730/JAXTV
3912,CIRAD77,10.18730/JB1H=
4638,CIRAD201,10.18730/JB9CV
