code_plantation,fournisseur,centre_code,doi
CIRAD1,IITA,TDa-2841,10.18730/J8TFJ
CIRAD2,IITA,TDa-2848,10.18730/J8TPS
CIRAD3,IITA,TDa-2852,10.18730/J8TTX
CIRAD4,IITA,TDa-3168,10.18730/J8NYN
CIRAD5,IITA,TDa-3187,10.18730/J8PF1
CIRAD6,IITA,TDa-3202,10.18730/J8PVD
CIRAD7,IITA,TDa-3210,10.18730/J8Q3N
CIRAD8,IITA,TDa-3233,10.18730/J8QT7
CIRAD9,IITA,TDa-3245,10.18730/J866=
CIRAD10,IITA,TDa-3255,10.18730/J8R9P
CIRAD11,IITA,TDa-3753,10.18730/JAXST
CIRAD12,IITA,TDa-3764,10.18730/JAY40
CIRAD13,IITA,TDa-3920,10.18730/J94YM
CIRAD14,IITA,TDa-4113,10.18730/JB4TX
CIRAD15,IITA,TDa-4144,10.18730/JB5SQ
CIRAD16,IITA,TDa-4147,10.18730/JB5WT
CIRAD17,IITA,TDa-4676,10.18730/JBMMH
CIRAD18,IITA,TDa-4838,10.18730/JBST=
CIRAD19,IITA,TDa-4926,10.18730/JBWD7
CIRAD20,IITA,TDa-4948,10.18730/JBX3X
CIRAD21,IITA,TDa-3915,10.18730/JB1JU
CIRAD22,IITA,TDa-4048,10.18730/JB3GR
CIRAD23,IITA,TDa-4126,10.18730/JB575
CIRAD24,IITA,TDa-2861,10.18730/JAQVN
CIRAD25,IITA,TDa-2873,10.18730/J8FE=
CIRAD26,IITA,TDr-3128,10.18730/J8W0Y
CIRAD27,IITA,TDa-3135,10.18730/J8MZV
CIRAD28,IITA,TDa-3249,10.18730/J8680
CIRAD29,IITA,TDa-3916,10.18730/JB1K0
CIRAD30,IITA,TDa-4046,10.18730/JB3EP
CIRAD31,IITA,TDa-4052,10.18730/J95ZG
CIRAD32,IITA,TDa-4128,10.18730/JB597
CIRAD34,IITA,TDa-4639,10.18730/JB9DW
CIRAD35,IITA,TDa-4956,10.18730/JBXB0
CIRAD36,IITA,TDa-5088,10.18730/JC1EM
CIRAD37,IITA,TDa-1006,10.18730/J9807
CIRAD38,IITA,TDa-1221,
CIRAD39,IITA,TDa-1186,
CIRAD40,IITA,TDa-3132,10.18730/JARTF
CIRAD41,IITA,TDa-3203,10.18730/J8PWE
CIRAD42,IITA,TDa-3762,10.18730/JAY2=
CIRAD43,IITA,TDa-4929,10.18730/JBWGA
CIRAD44,IITA,TDa-2868,10.18730/J8F9Y
CIRAD45,IITA,TDa-4042,10.18730/JB3AJ
CIRAD46,IITA,TDa-1278,
CIRAD47,IITA,TDa-1326,
CIRAD48,IITA,TDa-1467,10.18730/J9V5W
CIRAD49,IITA,TDa-3150,10.18730/J8NC3
CIRAD50,IITA,TDa-4678,10.18730/JBMNJ
CIRAD51,IITA,TDa-1414,10.18730/J9HRQ
CIRAD52,IITA,TDa-1475,10.18730/J9VC=
CIRAD53,IITA,TDa-1247,
CIRAD54,IITA,TDa-1173,
CIRAD56,IITA,TDa-1185,
CIRAD57,IITA,TDa-1372,10.18730/J87VE
CIRAD58,IITA,TDa-2842,
CIRAD59,IITA,TDa-1371,10.18730/J87TD
CIRAD60,IITA,TDa-4890,
CIRAD61,IITA,TDa-4941,10.18730/JBWWP
CIRAD62,IITA,TDa-5080,10.18730/JC16C
CIRAD63,IITA,TDa-3805,10.18730/JAYSN
CIRAD64,IITA,TDa-4830,10.18730/JBSJV
CIRAD65,IITA,TDa-4878,
CIRAD66,IITA,TDa-4950,10.18730/JBX5Z
CIRAD67,IITA,TDa-5140,10.18730/JCY5E
CIRAD68,IITA,TDa-3121,10.18730/J8MSN
CIRAD69,IITA,TDa-4823,10.18730/JBSBM
CIRAD70,IITA,TDr-2562,10.18730/JAJ9W
CIRAD71,IITA,TDa-2866,10.18730/JAR0T
CIRAD72,IITA,TDa-3836,10.18730/J967R
CIRAD73,IITA,TDa-5146,10.18730/JCYBM
CIRAD74,IITA,TDa-3264,10.18730/J8RJZ
CIRAD75,IITA,TDa-3702,10.18730/J98T~
CIRAD76,IITA,TDa-3754,10.18730/JAXTV
CIRAD77,IITA,TDr-3912,10.18730/JB1H=
CIRAD78,CRB,CRB25,
CIRAD79,CRB,CRB26,
CIRAD80,CRB,CRB38,
CIRAD81,CRB,CRB39,
CIRAD82,CRB,CRB40,
CIRAD83,CRB,CRB50,
CIRAD84,CRB,CRB52,
CIRAD85,CRB,CRB56,
CIRAD86,CRB,CRB57,
CIRAD87,CRB,CRB58,
CIRAD88,CRB,CRB60,
CIRAD90,CRB,CRB62,
CIRAD91,CRB,CRB64,
CIRAD92,CRB,CRB66,
CIRAD93,CRB,CRB67,
CIRAD94,CRB,CRB70,
CIRAD95,CRB,CRB86,
CIRAD96,CRB,CRB92,
CIRAD97,CRB,CRB94,
CIRAD98,CRB,CRB97,
CIRAD99,CRB,CRB102,
CIRAD100,CRB,CRB110,
CIRAD101,CRB,CRB115,
CIRAD102,CRB,CRB36,
CIRAD103,CRB,CRB63,
CIRAD104,CRB,CRB107,
CIRAD105,CRB,CRB418,
CIRAD106,CRB,CRB622,
CIRAD107,CRB,CRB83,
CIRAD108,CIRAD,Roujol83,
CIRAD109,CIRAD,CRB763,
CIRAD110,CIRAD,Roujol95,
CIRAD111,CIRAD,Roujol96,
CIRAD112,CRB,CRB19,
CIRAD113,CRB,CRB76,
CIRAD114,CRB,CRB155,
CIRAD115,CRB,CRB448,
CIRAD116,BIORAVE,Roujol84,
CIRAD117,CIRAD,CRB764,
CIRAD118,CIRAD,CRB765,
CIRAD119,CIRAD,CRB766,
CIRAD120,CIRAD,Roujol53,
CIRAD121,CIRAD,Roujol49,
CIRAD122,CRB,CRB417,10.15454/IQ7DJG
CIRAD123,CRB,CRB416,10.15454/KOUZDA
CIRAD124,CIRAD,G455,10.15454/FEJIWK
CIRAD125,CRB,CRB401,10.15454/YY2DA9
CIRAD126,CRB,CRB402,10.15454/RS63V6
CIRAD127,CRB,CRB453,10.15454/B7321Q
CIRAD128,CRB,CRB387,10.15454/BKBNWU
CIRAD129,CRB,CRB388,10.15454/MQPXUK
CIRAD130,CRB,CRB95,10.15454/PXQLBR
CIRAD131,CRB,CRB77,10.15454/0GB0GH
CIRAD133,CRB,CRB390,10.15454/8VH2NQ
CIRAD134,CRB,CRB112,10.15454/Z6SV0V
CIRAD135,CRB,CRB68,10.15454/YA9KQQ
CIRAD136,CIRAD,Roujol75,
CIRAD137,CIRAD,Roujol62,
CIRAD138,CRB,CRB22,10.15454/0DBQ39
CIRAD139,CRB,CRB41,
CIRAD140,CRB,CRB43,10.15454/FFBSMT
CIRAD141,CRB,CRB37,10.15454/ZL2ZU2
CIRAD142,CRB,CRB79,10.15454/4TT1DX
CIRAD143,CRB,CRB147,10.15454/6ELZ4S
CIRAD144,CIRAD,Roujol81,
CIRAD145,CIRAD,Roujol66,
CIRAD146,CIRAD,Roujol71,
CIRAD147,CRB,CRB391,10.15454/WOB3V1
CIRAD148,CRB,CRB428,10.15454/AJSPLS
CIRAD149,CRB,CRB475,10.15454/TVQ9M1
CIRAD150,CRB,CRB152,10.15454/NDOGVU
CIRAD151,CRB,CRB757,
CIRAD152,CRB,G15003,
CIRAD153,CIRAD,Roujol43,
CIRAD154,CRB,CRB96,10.15454/SRBAD5
CIRAD155,CRB,CRB629,10.15454/MA2SJF
CIRAD156,CRB,CRB519,10.15454/4FP746
CIRAD157,CIRAD,Roujol7,
CIRAD158,CRB,CRB73,10.15454/K313G4
CIRAD159,CIRAD,Roujol29,
CIRAD160,CIRAD,Roujol31,
CIRAD161,CRB,CRB93,10.15454/AWJFV8
CIRAD162,CRB,CRB403,10.15454/NXEOIB
CIRAD163,CRB,CRB16,10.15454/5RB124
CIRAD164,CIRAD,Roujol19,
CIRAD165,CRB,CRB47,10.15454/ZUPTIZ
CIRAD166,CIRAD,Roujol1,
CIRAD167,CRB,CRB51,10.15454/OMN92U
CIRAD168,CIRAD,Roujol68,
CIRAD169,CRB,CRB65,10.15454/GBWNI0
CIRAD170,CIRAD,Roujol11,
CIRAD171,CRB,CRB476,10.15454/ACG8GX
CIRAD172,CIRAD,Roujol65,
CIRAD173,CRB,CRB454,10.15454/PALTQ2
CIRAD174,CIRAD,Roujol9,
CIRAD175,CRB,G623,10.15454/RM1QBK
CIRAD176,CIRAD,CIR-B235,
CIRAD177,CIRAD,CIR-A047,
CIRAD178,CIRAD,CIR-A049,
CIRAD179,CIRAD,CIR-A064,
CIRAD180,CIRAD,CIR-A110,
CIRAD181,CIRAD,CIR-A118,
CIRAD182,CIRAD,CIR-A005,
CIRAD183,CIRAD,CIR-A094,
CIRAD184,CIRAD,CIRAD184,
CIRAD185,CIRAD,CIR-B051,
CIRAD186,CIRAD,CIR-B120,
CIRAD187,CIRAD,CIRAD187,
CIRAD188,CIRAD,CIR-B202,
CIRAD189,CIRAD,CIR-B185,
CIRAD190,CIRAD,CIR-B214,
CIRAD191,CIRAD,CIR-B151,
CIRAD192,CIRAD,CIR-C078,
CIRAD193,CIRAD,CIR-C077,
CIRAD194,CIRAD,CIR-C090,
CIRAD195,CIRAD,CIR-C092,
CIRAD196,CIRAD,CIR-C010,
CIRAD198,CIRAD,CIR-K025,
CIRAD199,CIRAD,CIR-C100,
CIRAD200,CIRAD,CIR-K024,
CIRAD201,IITA,TDa-4638,10.18730/JB9CV
CIRAD202,IITA,TDa-4938,
CIRAD203,CIRAD,CIR-D050,
CIRAD204,CIRAD,Roujol86,
CIRAD205,IITA,TDa-3253,10.18730/J8R7M
CIRAD207,CIRAD,Roujol87,
CIRAD208,CIRAD,CIR-B244,
CIRAD209,CIRAD,CIR-D030,
CIRAD210,CIRAD,CIRAD210,
CIRAD211,CRB,CIRAD211,
CIRAD212,CIRAD,CIR-A03,
CIRAD213,CIRAD,CIR-A39,
CIRAD214,CIRAD,CIR-A54,
CIRAD215,CIRAD,A67,
CIRAD216,CRB,CRB68-bis,
CIRAD217,CIRAD,CIRAD217,
CIRAD218,CIRAD,CIRAD218,
CIRAD219,CIRAD,CIRAD219,
CIRAD220,CIRAD,CIRAD220,
CIRAD221,CRB,CRB305,
CIRAD222,CRB,CRB597,
CIRAD223,CRB,CRB206,
CIRAD224,CRB,CRB383,
CIRAD225,CRB,CRB477,
CIRAD226,CRB,CRB478,
CIRAD227,CRB,CRB365,
CIRAD228,CRB,CRB389,
CIRAD229,CRB,CRB458,
CIRAD230,CRB,CRB459,
CIRAD231,CRB,CRB469,
CIRAD232,CIRAD,CIR-A15,
CIRAD233,CIRAD,CIR-A31,
CIRAD234,CIRAD,CIRAD234,
CIRAD235,CIRAD,CIRAD235,
CIRAD236,CIRAD,CIRAD236,
CIRAD237,CIRAD,CIRAD237,
CIRAD238,CIRAD,CIRAD238,
CIRAD239,CIRAD,CIRAD239,
CIRAD240,CIRAD,CIRAD240,
CIRAD241,CIRAD,CIRAD241,
CIRAD242,CIRAD,CIRAD242,
CIRAD243,CIRAD,CIRAD243,
CIRAD244,CIRAD,CIRAD244,
CIRAD245,CIRAD,CIRAD245,
CIRAD246,CIRAD,CIRAD246,
CIRAD247,CIRAD,CIRAD247,
CIRAD248,CIRAD,CIRAD248,
CIRAD249,CIRAD,CIRAD249,
CIRAD251,CIRAD,CIR-C103,
CIRAD252,CIRAD,AUT-L037,
CIRAD253,CIRAD,CIR-B079,
CIRAD254,CIRAD,CIR-B142,
CIRAD255,CIRAD,CIR-A071,
CIRAD257,CIRAD,CIR-K032,
CIRAD258,CIRAD,CIR-P006,
CIRAD261,CIRAD,CIR-A025,
CIRAD262,CIRAD,CIR-D036,
CIRAD263,CIRAD,CIR-C104,
CIRAD264,CIRAD,CIR-K050,
CIRAD265,IITA,TDa-3153,
CIRAD266,CIRAD,CIR-C101,
CIRAD267,CIRAD,CIR-K051,
CIRAD268,CIRAD,CIR-C052,
CIRAD269,CIRAD,CIRAD269,
CIRAD271,CIRAD,CIRAD271,
CIRAD272,CIRAD,CIRAD272,
CIRAD273,CIRAD,CIRAD273,
CIRAD274,CIRAD,CIRAD274,
CIRAD275,CIRAD,CIRAD275,
CIRAD276,CIRAD,CIRAD276,
CIRAD277,CIRAD,CIRAD277,
CIRAD278,CIRAD,CIRAD278,
CIRAD279,CRB,CRB489,
CIRAD280,IT2,CIRAD280,
CIRAD300,CIRAD,CIRAD300,
CIRAD301,CIRAD,CIRAD301,
CIRAD302,CIRAD,CIRAD302,
CIRAD303,CIRAD,CIRAD303,
CIRAD304,CIRAD,CIRAD304,
CIRAD305,CIRAD,CIRAD305,
CIRAD306,CIT,CIT_153_001,
CIRAD307,CIT,CIT_153_002,
CIRAD308,CIT,CIT_153_003,
CIRAD309,CIT,CIT_153_004,
CIRAD310,CIT,CIT_153_005,
CIRAD311,CIT,CIT_153_006,
CIRAD312,CIT,CIT_153_007,
CIRAD313,CIT,CIRAD313,
CIRAD314,CRB,CRB272,
CIRAD315,CRB,CRB462,
CIRAD316,CRB,CRB488,
CIRAD317,CRB,CRB504,
CIRAD318,CRB,CRB511,
CIRAD319,CRB,CRB546,
CIRAD320,CRB,CRB645,
CIRAD321,CRB,CRB650,
CIRAD322,CRB,CIT_112_001,
CIRAD323,CIT,CIT_93_001,
CIRAD324,CIT,CIT_93_002,
CIRAD325,CIT,CIT_93_003,
CIRAD326,CIT,CIT_93_004,
CIRAD327,BIORAVE,CIRAD327,
CIRAD328,CIRAD,CIRAD328,
CIRAD329,CIRAD,CIRAD329,
CIRAD330,CIRAD,CIRAD330,
CIRAD331,CIRAD,CIRAD331,
CIRAD332,CIRAD,CIRAD332,
CIRAD333,CIRAD,CIRAD333,
CIRAD334,CIRAD,CIRAD334,
CIRAD335,CIRAD,CIRAD335,
CIRAD336,CIRAD,CIRAD336,
CIRAD337,CIRAD,CIRAD337,
CIRAD338,CIRAD,CIRAD338,
CIRAD339,CIRAD,CIRAD339,
CIRAD340,CIRAD,CIRAD340,
CIRAD341,CIRAD,CIRAD341,
CIRAD342,CIRAD,CIRAD342,
CIRAD343,CIRAD,CIRAD343,
CIRAD344,CIRAD,CIRAD344,
CIRAD345,CIRAD,CIRAD345,
CIRAD346,CIRAD,CIRAD346,
CIRAD347,CRB,CRB Z452I26,
CIRAD348,CRB,CRB205,
CIRAD349,CRB,CRB203,
CIRAD350,CRB,CRB196,
CIRAD351,CIRAD,CIRAD351,
CIRAD352,CIRAD,CIRAD352,
CIRAD353,CIRAD,CIRAD353,
CIRAD400,CIRAD,CIRAD400,
CIRAD401,CIRAD,CIRAD401,
CIRAD402,CIRAD,CIRAD402,
CIRAD403,CIRAD,CIRAD403,
CIRAD404,CIRAD,CIRAD404,
CIRAD405,CIRAD,CIRAD405,
CIRAD406,CIRAD,CIRAD406,
CIRAD407,CIRAD,CIRAD407,
CIRAD408,CIRAD,CIRAD408,
CIRAD409,CIRAD,CIRAD409,
CIRAD410,CIRAD,CIRAD410,
CIRAD411,CIRAD,CIRAD411,
CIRAD412,CIRAD,CIRAD412,
CIRAD413,CIRAD,CIRAD413,
CIRAD414,CIRAD,CIRAD414,
CIRAD415,CIRAD,CIRAD415,
CIRAD416,CIRAD,CIRAD416,
CIRAD417,CIRAD,CIRAD417,
CIRAD418,CIRAD,CIRAD418,
CIRAD419,CIRAD,CIRAD419,
CIRAD420,CIRAD,CIRAD420,
CIRAD421,CIRAD,CIRAD421,
CIRAD422,CIRAD,CIRAD422,
CIRAD423,CIRAD,CIRAD423,
CIRAD424,CIRAD,CIRAD424,
CIRAD425,CIRAD,CIRAD425,
CIRAD426,CIRAD,CIRAD426,
CIRAD427,CIRAD,CIRAD427,
CIRAD428,CIRAD,CIRAD428,
CIRAD429,CIRAD,CIRAD429,
