nom_accession,code_cirad,espece,pays_origine,code_plantation_id,polyploidie,latitude,longitude,annee_creation,annee_diffusion,YIELD,TW,TN,TDM,LA,FT,SEN,EMERGENCE,BOILED_Q,BOILED_Q_score,FARMER_A,FARMER_A_score,ANTHRACNOSE,ANTHRACNOSE_score,RUST,RUST_score,TUBER_COLOR,TUBER_SHAPE,FLOWERING,FLOWERING_score,SEX
14M,Roujol53,Dioscorea alata,Inde,CIRAD120,2,22.3511148,78.6677428,2011,,3.09,0.21,1.16,0.28,9550.52,,154.0,21.0,Medium,0.5,Medium,0.5,Moderately sensitive,0.5,Resistant,1.0,White,Irregular,yes,1.0,M
74F,Roujol49,Dioscorea alata,Inde,CIRAD121,2,22.3511148,78.6677428,2011,,31.6,2.16,1.16,0.28,9590.39,158.0,166.0,29.0,Medium,0.5,Medium,0.5,Resistant,1.0,Resistant,1.0,Yellowish white or off-white,Oval-oblong,yes,1.0,F
A 14,CRB417,Dioscorea alata,Guadeloupe,CIRAD122,2,16.2528827,-61.5686855,2011,,5.48,0.43,1.0,0.24,7839.67,176.0,,,High,1.0,High,1.0,Resistant,1.0,Moderately sensitive,0.5,Yellowish white or off-white,Oval-oblong,,,F
A 17,CRB416,Dioscorea alata,Guadeloupe,CIRAD123,2,16.2528827,-61.5686855,2011,,13.24,0.94,1.12,0.32,5054.71,,160.0,31.0,Medium,0.5,High,1.0,Resistant,1.0,Resistant,1.0,Yellowish white or off-white,Cylindrical,yes,1.0,M
A 2,G455,Dioscorea alata,Guadeloupe,CIRAD124,2,16.2528827,-61.5686855,2011,,30.36,1.49,1.62,0.23,5137.4,,182.0,18.0,Medium,0.5,Medium,0.5,Resistant,1.0,Moderately sensitive,0.5,White,Cylindrical,,,M
A 21,CRB401,Dioscorea alata,Guadeloupe,CIRAD125,2,16.2528827,-61.5686855,2011,,15.32,1.05,1.16,,7643.5,,177.0,14.0,Medium,0.5,Low,0.0,Resistant,1.0,Moderately sensitive,0.5,Purple with white,Oval-oblong,,,M
A 22,CRB402,Dioscorea alata,Guadeloupe,CIRAD126,2,16.2528827,-61.5686855,2011,,10.03,0.46,1.71,0.31,7935.04,155.0,157.0,22.0,Low,0.0,Medium,0.5,Resistant,1.0,Sensitive,0.0,Yellowish white or off-white,Oval-oblong,,,F
A 24,CRB453,Dioscorea alata,Guadeloupe,CIRAD127,2,16.2528827,-61.5686855,2011,,4.03,0.24,1.33,0.28,6721.5,161.0,138.0,38.0,Medium,0.5,High,1.0,Resistant,1.0,Moderately sensitive,0.5,Yellowish white or off-white,Oval-oblong,,,M
A 6,CRB387,Dioscorea alata,Guadeloupe,CIRAD128,2,16.2528827,-61.5686855,2011,,18.57,1.48,1.0,0.26,10410.43,158.5,131.0,57.0,Medium,0.5,High,1.0,Resistant,1.0,Moderately sensitive,0.5,Orange,Irregular,yes,1.0,M
A 9,CRB388,Dioscorea alata,Guadeloupe,CIRAD129,2,16.2528827,-61.5686855,2011,,23.3,1.65,1.125,0.29,5802.53,167.5,160.0,31.0,Medium,0.5,Medium,0.5,Resistant,1.0,Moderately sensitive,0.5,Purple with white,Cylindrical,,,M
Belep,CRB95,Dioscorea alata,Nouvelle Calédonie,CIRAD130,3,-21.3019905,165.4880773,2011,,3.51,0.28,1.0,0.28,5321.44,,161.0,14.0,Medium,0.5,Medium,0.5,Resistant,1.0,Resistant,1.0,White,Rounded,,,M
Bete Bete,CRB77,Dioscorea alata,Côte D'Ivoire,CIRAD131,2,7.9897371,-5.5679458,2011,,6.96,0.4,1.37,0.3,7257.46,,159.0,17.0,High,1.0,Medium,0.5,Resistant,1.0,Resistant,1.0,White,Oval-oblong,,,
Borelli,CRB496,Dioscorea trifida,,CIRAD132,,,,2011,,,,,,,,,,,,,,,,,,,,,,
Boutou,CRB390,Dioscorea alata,Guadeloupe,CIRAD133,2,16.2528827,-61.5686855,2011,,25.29,2.02,1.0,0.31,8643.67,169.0,162.0,33.0,High,1.0,High,1.0,Resistant,1.0,Moderately sensitive,0.5,Yellow,Cylindrical,,,F
Caplaou,CRB112,Dioscorea alata,Porto Rico,CIRAD134,2,18.2247706,-66.4858295,2011,,3.58,0.28,1.0,0.31,4815.38,,121.0,40.0,High,1.0,Medium,0.5,Resistant,1.0,Moderately sensitive,0.5,White,Oval-oblong,,,
Cinq,CRB68,Dioscorea alata,Porto Rico,CIRAD135,2,18.2247706,-66.4858295,2011,,15.56,1.06,1.16,0.3,2649.29,,113.0,57.0,Medium,0.5,High,1.0,Resistant,1.0,Resistant,1.0,White,Rounded,yes,1.0,M
Divin,CRB27,Dioscorea alata,Guadeloupe,CIRAD136,2,16.2528827,-61.5686855,2011,,26.575,1.82,1.16,0.28,9364.63,169.66,173.0,14.0,Low,0.0,High,1.0,Resistant,1.0,Resistant,1.0,Purple interior / yellow exterior,Oval-oblong,yes,1.0,M
Dou - H4x431,CRB759,Dioscorea alata,Guadeloupe,CIRAD137,4,16.2528827,-61.5686855,2011,,23.07,1.84,1.0,0.33,5688.48,161.0,158.0,19.0,Medium,0.5,Low,0.0,Resistant,1.0,Resistant,1.0,White,Rounded,,,F
Fénakué,CRB22,Dioscorea alata,Porto Rico,CIRAD138,2,18.2247706,-66.4858295,2011,,1.06,0.08,1.0,,3742.7,,,,,,Low,0.0,,,,,Light purple,Oval-oblong,,,F
Florido,CRB41,Dioscorea alata,Porto Rico,CIRAD139,2,18.2247706,-66.4858295,2011,,16.5,0.88,1.5,0.23,4451.98,,141.0,36.0,High,1.0,Medium,0.5,Resistant,1.0,Moderately sensitive,0.5,White,Rounded,,,M
Goana,CRB43,Dioscorea alata,Nouvelle Calédonie,CIRAD140,3,-21.3019905,165.4880773,2011,,15.78,0.84,1.5,0.29,7067.11,157.0,,,High,1.0,High,1.0,Resistant,1.0,Resistant,1.0,White,Oval-oblong,,,M
Gordito,CRB37,Dioscorea alata,Nouvelle Calédonie,CIRAD141,2,-21.3019905,165.4880773,2011,,10.3,0.82,1.0,0.29,,,148.0,29.0,High,1.0,High,1.0,Resistant,1.0,Resistant,1.0,White,Irregular,,,M
Grand Etang,CRB79,Dioscorea alata,Guadeloupe,CIRAD142,2,16.2528827,-61.5686855,2011,,15.42,1.05,1.16,0.29,5654.41,166.5,132.0,33.0,Medium,0.5,Medium,0.5,Moderately sensitive,0.5,Resistant,1.0,White,Irregular,,,
Grosse caille 3 mois,CRB147,Dioscorea rotundata,Guadeloupe,CIRAD143,3,16.2528827,-61.5686855,2011,,12.81,1.02,1.0,0.32,3215.26,,152.0,47.0,Medium,0.5,High,1.0,Resistant,1.0,Moderately sensitive,0.5,White,Cylindrical,,,
"H4X131, Cirabel",Roujol81,Dioscorea alata,Guadeloupe,CIRAD144,4,16.2528827,-61.5686855,2011,,12.31,0.98,1.0,0.29,7350.76,,145.0,25.0,High,1.0,Medium,0.5,Moderately sensitive,0.5,Moderately sensitive,0.5,White,Oval-oblong,,,F
"H4X172, KREOLINE",Roujol66,Dioscorea alata,Guadeloupe,CIRAD145,4,16.2528827,-61.5686855,2011,,12.85,1.028,1.0,0.29,1118.82,161.0,131.0,60.0,High,1.0,Medium,0.5,Resistant,1.0,Resistant,1.0,Yellowish white or off-white,Oval-oblong,yes,1.0,F
"H4X274, Ticoli",Roujol71,Dioscorea alata,Guadeloupe,CIRAD146,4,16.2528827,-61.5686855,2011,,5.16,0.41,1.0,0.28,8104.59,165.0,61.0,100.0,High,1.0,Medium,0.5,Resistant,1.0,Moderately sensitive,0.5,White,Irregular,yes,1.0,M
HYB 30,CRB391,Dioscorea alata,Guadeloupe,CIRAD147,2,16.2528827,-61.5686855,2011,,27.91,1.67,1.33,0.29,10105.6,155.0,151.0,40.0,Medium,0.5,Medium,0.5,Resistant,1.0,Moderately sensitive,0.5,Orange,Oval-oblong,yes,1.0,F
HYB 5,CRB428,Dioscorea alata,Guadeloupe,CIRAD148,2,16.2528827,-61.5686855,2011,,7.53,0.43,1.4,0.24,7257.96,163.5,,,Low,0.0,Medium,0.5,Resistant,1.0,Moderately sensitive,0.5,Yellowish white or off-white,Oval-oblong,yes,1.0,M
HYB 6,CRB475,Dioscorea alata,Guadeloupe,CIRAD149,2,16.2528827,-61.5686855,2011,,25.21,2.01,1.0,0.276,9808.29,161.33,,,Low,0.0,Medium,0.5,Resistant,1.0,Resistant,1.0,Orange,Irregular,yes,1.0,M
Igname Jaune,CRB152,Dioscorea cayenensis,Guadeloupe,CIRAD150,,16.2528827,-61.5686855,2011,,,,,,5080.64,,146.0,44.0,,,,,Resistant,1.0,Resistant,1.0,Yellow,Oval-oblong,yes,1.0,M
INRA X 154,CRB757,Dioscorea alata,Guadeloupe,CIRAD151,2,16.2528827,-61.5686855,2011,,12.79,0.89,1.14,0.25,4835.06,165.5,86.0,75.0,Medium,0.5,High,1.0,Resistant,1.0,Moderately sensitive,0.5,Yellowish white or off-white,Cylindrical,,,M
INRA15,G15003,Dioscorea alata,Guadeloupe,CIRAD152,2,16.2528827,-61.5686855,2011,,2.68,0.21,1.0,0.25,10698.82,,132.0,33.0,High,1.0,Medium,0.5,Resistant,1.0,Moderately sensitive,0.5,Purple,Cylindrical,yes,1.0,M
Kabusa,Roujol43,Dioscorea alata,Guadeloupe,CIRAD153,2,16.2528827,-61.5686855,2011,,2.46,0.19,1.0,,2186.81,,151.0,14.0,High,1.0,Medium,0.5,Resistant,1.0,Resistant,1.0,White,Rounded,,,M
Kinabayo,CRB96,Dioscorea alata,Porto Rico,CIRAD154,2,18.2247706,-66.4858295,2011,,11.77,0.94,1.0,0.22,7771.02,,141.0,23.0,High,1.0,High,1.0,Resistant,1.0,Resistant,1.0,White,Rounded,,,F
KL 21,CRB629,Dioscorea alata,Guadeloupe,CIRAD155,2,16.2528827,-61.5686855,2011,,11.64,0.63,1.46,0.24,7239.47,162.5,144.0,31.0,Medium,0.5,Medium,0.5,Resistant,1.0,Sensitive,0.0,White with purple,Cylindrical,yes,1.0,M
Lac bleu 3,CRB519,Dioscorea trifida,,CIRAD156,,,,2011,,1.5,0.12,1.0,,3193.11,,137.0,41.0,,,,,,,,,,,,,F
Manlankon,CRB767,Dioscorea alata,Vanuatu,CIRAD157,2,-16.5255069,168.1069154,2011,,42.56,2.91,1.16,0.25,6295.43,161.75,173.0,18.0,Medium,0.5,Medium,0.5,Resistant,1.0,Resistant,1.0,White,Rounded,,,M
MP1 16H56,CRB73,Dioscorea alata,Guadeloupe,CIRAD158,2,16.2528827,-61.5686855,2011,,11.53,0.46,2.0,0.26,10467.18,176.0,138.0,47.0,Medium,0.5,Medium,0.5,Moderately sensitive,0.5,Resistant,1.0,Light purple,Rounded,,,M
"Noulelcae, CT198",Roujol29,Dioscorea alata,Vanuatu,CIRAD159,4,-16.5255069,168.1069154,2011,,27.04,1.57,1.37,0.33,7861.71,161.0,161.0,14.0,Medium,0.5,Medium,0.5,Moderately sensitive,0.5,Resistant,1.0,Purple interior / yellow exterior,Rounded,,,F
"Nureangdan, CT202",CRB768,Dioscorea alata,Vanuatu,CIRAD160,3,-16.5255069,168.1069154,2011,,,,,0.26,5411.72,,,,Medium,0.5,High,1.0,Resistant,1.0,Moderately sensitive,0.5,Yellowish white or off-white,Oval,yes,1.0,M
Oriental,CRB93,Dioscorea alata,Barbade,CIRAD161,2,13.1500331,-59.5250305,2011,,4.77,0.23,1.62,0.21,4643.3,,156.0,24.0,High,1.0,High,1.0,Resistant,1.0,Resistant,1.0,Yellowish white or off-white,Rounded,yes,1.0,M
Pacala,CRB403,Dioscorea alata,Guadeloupe,CIRAD162,2,16.2528827,-61.5686855,2011,,5.17,0.33,1.25,0.28,8080.72,,148.0,27.0,High,1.0,Medium,0.5,Resistant,1.0,Moderately sensitive,0.5,White,Oval,,,
Pakutrany,CRB16,Dioscorea alata,Nouvelle Calédonie,CIRAD163,3,-21.3019905,165.4880773,2011,,,,,,,,,,Medium,0.5,Medium,0.5,Resistant,1.0,Resistant,1.0,Purple with white,Oval-oblong,,,
"Peter, CT177",Roujol19,Dioscorea alata,Vanuatu,CIRAD164,2,-16.5255069,168.1069154,2011,,7.88,0.45,1.37,0.3,5462.13,,142.0,28.0,High,1.0,Medium,0.5,Resistant,1.0,Moderately sensitive,0.5,Yellowish white or off-white,Rounded,,,M
Plimbite,CRB47,Dioscorea alata,Haïti,CIRAD165,2,19.1399952,-72.3570972,2011,,12.98,0.92,1.12,0.2,9346.43,,,,,,,,,,,,White,Oval-oblong,,,M
"Ptris, CT133",Roujol1,Dioscorea alata,Vanuatu,CIRAD166,2,-16.5255069,168.1069154,2011,,13.31,1.06,1.0,0.28,6308.08,162.0,158.0,17.0,Medium,0.5,Medium,0.5,Resistant,1.0,Resistant,1.0,White with purple,Irregular,,,M
Pyramide,CRB51,Dioscorea alata,Porto Rico,CIRAD167,2,18.2247706,-66.4858295,2011,,5.77,0.46,1.0,0.3,8911.41,162.33,142.0,36.0,Medium,0.5,High,1.0,Resistant,1.0,Resistant,1.0,Purple exterior / yellowish interior,Rounded,yes,1.0,M
Roujol - H4x242,Roujol68,Dioscorea alata,Guadeloupe,CIRAD168,4,16.2528827,-61.5686855,2011,,13.96,1.11,1.0,0.32,6404.15,166.0,,,Medium,0.5,High,1.0,Resistant,1.0,Resistant,1.0,White,Cylindrical,,,M
Sea 190,CRB65,Dioscorea alata,Porto Rico,CIRAD169,2,18.2247706,-66.4858295,2011,,8.58,0.54,1.25,0.3,,,147.0,33.0,Medium,0.5,High,1.0,Resistant,1.0,Moderately sensitive,0.5,White,Rounded,,,M
Sinoua CT160,Roujol11,Dioscorea alata,Vanuatu,CIRAD170,4,-16.5255069,168.1069154,2011,,6.83,0.27,2.0,0.28,4483.24,,148.0,27.0,Medium,0.5,Medium,0.5,Resistant,1.0,Resistant,1.0,White,Oval-oblong,yes,1.0,M
St Vincent blanc,CRB476,Dioscorea alata,Saint Vincent,CIRAD171,2,12.90447,-61.2765569,2011,,19.88,1.27,1.25,0.24,7540.34,155.33,164.0,27.0,High,1.0,Medium,0.5,Resistant,1.0,Resistant,1.0,White,Irregular,yes,1.0,F
TiViolet - H4x105,CRB762,Dioscorea alata,Guadeloupe,CIRAD172,4,16.2528827,-61.5686855,2011,,20.96,1.67,1.0,0.33,8323.44,162.75,160.0,17.0,Medium,0.5,Medium,0.5,Resistant,1.0,Resistant,1.0,Purple with white,Cylindrical,yes,1.0,F
Toki (SEA 119),CRB454,Dioscorea alata,Porto Rico,CIRAD173,2,18.2247706,-66.4858295,2011,,6.79,0.43,1.25,0.29,4078.69,,94.0,86.0,Medium,0.5,Medium,0.5,Resistant,1.0,Resistant,1.0,Yellowish white or off-white,Rounded,yes,1.0,M
"Toufi Tetea, CT148",Roujol9,Dioscorea alata,Vanuatu,CIRAD174,4,-16.5255069,168.1069154,2011,,49.52,3.96,1.0,0.28,5511.21,165.5,169.0,23.0,High,1.0,High,1.0,Resistant,1.0,Moderately sensitive,0.5,White with purple,Cylindrical,yes,1.0,M
Wassa,G623,Dioscorea alata,Nouvelle Calédonie,CIRAD175,2,-21.3019905,165.4880773,2011,,0.82,0.06,1.0,,4196.63,154.0,143.0,33.0,,,Low,0.0,Resistant,1.0,Moderately sensitive,0.5,White,Oval-oblong,yes,1.0,M
2841,2841,Dioscorea alata,Ghana,CIRAD1,,8.0300284,-1.0800271,2022,,7.19,0.57,1.0,0.21,3880.31,,150.0,27.0,High,1.0,High,1.0,Resistant,1.0,Moderately sensitive,0.5,White,Oval,,,
2848,2848,Dioscorea alata,Ghana,CIRAD2,2,8.0300284,-1.0800271,2022,,,,,,9576.5,157.0,,,Medium,0.5,High,1.0,Resistant,1.0,Resistant,1.0,White,Cylindrical,,,
2852,2852,Dioscorea alata,Ghana,CIRAD3,,8.0300284,-1.0800271,2022,,2.35,0.11,1.6,0.21,5753.31,,151.0,25.0,Medium,0.5,Medium,0.5,Sensitive,0.0,Resistant,1.0,White,Oval-oblong,,,
3168,3168,Dioscorea alata,Inde,CIRAD4,2,22.3511148,78.6677428,2022,,,,,0.26,,,,,Medium,0.5,Medium,0.5,,,,,Orange,Irregular,yes,1.0,F
3187,3187,Dioscorea alata,Inde,CIRAD5,,22.3511148,78.6677428,2022,,6.001,0.24,2.0,,7567.59,,178.0,7.0,High,1.0,Medium,0.5,Resistant,1.0,Resistant,1.0,Yellowish white or off-white,Irregular,yes,1.0,M
3202,3202,Dioscorea alata,Inde,CIRAD6,2,22.3511148,78.6677428,2022,,,,,0.21,12531.68,174.0,,,Medium,0.5,Medium,0.5,Resistant,1.0,Moderately sensitive,0.5,White with purple,Oval,,,
3210,3210,Dioscorea alata,Inde,CIRAD7,2,22.3511148,78.6677428,2022,,,,,,,,,,,,Low,0.0,,,,,,,,,
3233,3233,Dioscorea alata,Inde,CIRAD8,2,22.3511148,78.6677428,2022,,,,,,,,,,High,1.0,Medium,0.5,Resistant,1.0,Resistant,1.0,White,Rounded,yes,1.0,M
3245,3245,Dioscorea alata,Nigéria,CIRAD9,2,9.6000359,7.9999721,2022,,,,,,,,,,,,Medium,0.5,,,,,,,,,
3255,3255,Dioscorea alata,Inde,CIRAD10,,22.3511148,78.6677428,2022,,,,,,,,,,,,,,,,,,,,,,
3753,3753,Dioscorea alata,Nigéria,CIRAD11,2,9.6000359,7.9999721,2022,,,,,0.26,11352.89,161.5,,,High,1.0,Medium,0.5,Resistant,1.0,Resistant,1.0,White,Oval-oblong,yes,1.0,M
3764,3764,Dioscorea alata,Nigéria,CIRAD12,2,9.6000359,7.9999721,2022,,,,,0.27,6274.99,,,,,,Low,0.0,Resistant,1.0,Moderately sensitive,0.5,Yellowish white or off-white,Irregular,yes,1.0,M
3920,3920,Dioscorea alata,Nigéria,CIRAD13,4,9.6000359,7.9999721,2022,,,,,0.26,8466.4,174.0,,,Medium,0.5,Medium,0.5,Resistant,1.0,Moderately sensitive,0.5,White,Oval-oblong,,,
4113,4113,Dioscorea alata,Burkina Faso,CIRAD14,2,12.0753083,-1.6880314,2022,,,,,0.28,5160.2,,,,High,1.0,Low,0.0,,,,,White,Irregular,,,
4144,4144,Dioscorea alata,Sierra Leone,CIRAD15,2,8.6400349,-11.8400269,2022,,27.16,1.38,1.57,0.31,6961.04,167.0,166.0,14.0,,,Low,0.0,Resistant,1.0,Resistant,1.0,Yellow,Oval-oblong,,,
4147,4147,Dioscorea alata,Sierra Leone,CIRAD16,2,8.6400349,-11.8400269,2022,,,,,,,,,,,,Medium,0.5,,,,,,,,,
4676,4676,Dioscorea alata,Bénin,CIRAD17,,9.5293472,2.2584408,2022,,,,,,,,,,,,,,,,,,,,,,
4838,4838,Dioscorea alata,Côte D'Ivoire,CIRAD18,2,7.9897371,-5.5679458,2022,,4.74,0.22,1.66,0.26,6009.11,153.0,151.0,24.0,High,1.0,Low,0.0,,,,,White,Irregular,yes,1.0,M
4926,4926,Dioscorea alata,Bénin,CIRAD19,2,9.5293472,2.2584408,2022,,7.0,0.56,1.0,0.22,5187.45,162.0,146.0,29.0,Low,0.0,Medium,0.5,Moderately sensitive,0.5,Moderately sensitive,0.5,White,Irregular,,,
4948,4948,Dioscorea alata,Bénin,CIRAD20,2,9.5293472,2.2584408,2022,,,,,,,,,,Medium,0.5,Medium,0.5,Resistant,1.0,Resistant,1.0,Yellowish white or off-white,Irregular,,,
3915,3915,Dioscorea alata,Bénin,CIRAD21,2,9.5293472,2.2584408,2022,,,,,,,,,,,,,,,,,,White,Rounded,,,
4048,4048,Dioscorea alata,Bénin,CIRAD22,2,9.5293472,2.2584408,2022,,6.975,0.47,1.16,,7922.21,169.0,153.0,22.0,Medium,0.5,Medium,0.5,Resistant,1.0,Resistant,1.0,White,Irregular,,,
4126,4126,Dioscorea alata,Sierra Leone,CIRAD23,2,8.6400349,-11.8400269,2022,,,,,0.24,8331.35,,,,High,1.0,Low,0.0,Resistant,1.0,Resistant,1.0,White with purple,Irregular,,,
2861,2861,Dioscorea alata,Côte D'Ivoire,CIRAD24,2,7.9897371,-5.5679458,2022,,,,,,,,,,,,Low,0.0,Sensitive,0.0,Resistant,1.0,White,Irregular,,,
2873,2873,Dioscorea alata,Inde,CIRAD25,2,22.3511148,78.6677428,2022,,,,,,,,,,,,,,,,,,,,,,
3128,3128,Dioscorea rotundata,Guinée Equatoriale,CIRAD26,2,1.613172,10.5170357,2022,,,,,,2363.95,,,,High,1.0,Medium,0.5,Resistant,1.0,Resistant,1.0,Yellow,Oval-oblong,yes,1.0,F
3135,3135,Dioscorea alata,Inde,CIRAD27,2,22.3511148,78.6677428,2022,,,,,,,,,,High,1.0,Medium,0.5,Resistant,1.0,Resistant,1.0,White,Irregular,,,
3249,3249,Dioscorea alata,Nigéria,CIRAD28,2,9.6000359,7.9999721,2022,,,,,,,,,,,,,,,,,,,,,,
3916,3916,Dioscorea alata,Bénin,CIRAD29,2,9.5293472,2.2584408,2022,,,,,,,,,,High,1.0,Medium,0.5,Resistant,1.0,Resistant,1.0,White,Rounded,,,
4046,4046,Dioscorea alata,Bénin,CIRAD30,2,9.5293472,2.2584408,2022,,,,,,,,,,,,Low,0.0,,,,,Yellowish white or off-white,Irregular,,,
4052,4052,Dioscorea alata,Ghana,CIRAD31,2,8.0300284,-1.0800271,2022,,,,,,,,,,,,,,,,,,,,,,
4128,4128,Dioscorea alata,Sierra Leone,CIRAD32,2,8.6400349,-11.8400269,2022,,9.31,0.59,1.25,0.29,8977.17,,,,,,Low,0.0,Resistant,1.0,Moderately sensitive,0.5,White,Oval-oblong,yes,1.0,M
4639,4639,Dioscorea alata,Inde,CIRAD34,,22.3511148,78.6677428,2022,,,,,,,,,,High,1.0,High,1.0,Resistant,1.0,Resistant,1.0,White,Oval,,,
4956,4956,Dioscorea alata,Bénin,CIRAD35,2,9.5293472,2.2584408,2022,,,,,,,,,,,,,,,,,,,,,,
5088,5088,Dioscorea alata,Bénin,CIRAD36,2,9.5293472,2.2584408,2022,,,,,0.23,5167.56,,,,,,High,1.0,Resistant,1.0,Moderately sensitive,0.5,White,Oval-oblong,,,
1006,1006,Dioscorea alata,Togo,CIRAD37,,8.7800265,1.0199765,2022,,,,,,,,,,High,1.0,Low,0.0,Resistant,1.0,Moderately sensitive,0.5,Yellowish white or off-white,Oval-oblong,,,
1221,1221,Dioscorea alata,Côte D'Ivoire,CIRAD38,2,7.9897371,-5.5679458,2022,,,,,0.28,7249.97,,,,High,1.0,High,1.0,Resistant,1.0,Resistant,1.0,White,Oval-oblong,,,
1186,1186,Dioscorea alata,Bénin,CIRAD39,2,9.5293472,2.2584408,2022,,,,,,3795.58,,,,,,Low,0.0,Resistant,1.0,Resistant,1.0,White with purple,Oval,,,
3132,3132,Dioscorea alata,Nigéria,CIRAD40,2,9.6000359,7.9999721,2022,,,,,,,,,,Medium,0.5,High,1.0,Moderately sensitive,0.5,Resistant,1.0,White,Oval-oblong,,,
3203,3203,Dioscorea alata,Inde,CIRAD41,,22.3511148,78.6677428,2022,,,,,,,,,,Low,0.0,Low,0.0,Moderately sensitive,0.5,Moderately sensitive,0.5,Yellowish white or off-white,Rounded,yes,1.0,M
3762,3762,Dioscorea alata,Nigéria,CIRAD42,2,9.6000359,7.9999721,2022,,,,,,,,,,Medium,0.5,Low,0.0,Resistant,1.0,Moderately sensitive,0.5,White with purple,Irregular,,,
4929,4929,Dioscorea alata,Bénin,CIRAD43,2,9.5293472,2.2584408,2022,,18.04,1.04,1.375,0.23,10904.28,170.5,163.0,14.0,Medium,0.5,Medium,0.5,Moderately sensitive,0.5,Resistant,1.0,White,Rounded,,,
2868,2868,Dioscorea alata,Inde,CIRAD44,2,22.3511148,78.6677428,2022,,,,,,,,,,,,,,,,,,,,,,
4042,4042,Dioscorea alata,Nigéria,CIRAD45,2,9.6000359,7.9999721,2022,,,,,,,,,,Medium,0.5,Medium,0.5,Moderately sensitive,0.5,Moderately sensitive,0.5,White,Irregular,yes,1.0,M
1278,1278,Dioscorea alata,Nigéria,CIRAD46,2,9.6000359,7.9999721,2022,,,,,,,,,,,,,,,,,,,,,,
1326,1326,Dioscorea alata,Ghana,CIRAD47,3,8.0300284,-1.0800271,2022,,2.31,0.18,1.0,0.17,7959.93,,148.0,24.0,High,1.0,Medium,0.5,Resistant,1.0,Moderately sensitive,0.5,Yellowish white or off-white,Flattened,,,
1467,1467,Dioscorea alata,Nigéria,CIRAD48,2,9.6000359,7.9999721,2022,,9.79,0.69,1.12,0.23,8903.94,163.0,170.0,14.0,Medium,0.5,Medium,0.5,Resistant,1.0,Resistant,1.0,Yellowish white or off-white,Irregular,,,
3150,3150,Dioscorea alata,Inde,CIRAD49,,22.3511148,78.6677428,2022,,6.19,0.37,1.33,0.24,4145.49,,162.0,14.0,Medium,0.5,High,1.0,Resistant,1.0,Moderately sensitive,0.5,White,Cylindrical,,,
4678,4678,Dioscorea alata,Bénin,CIRAD50,2,9.5293472,2.2584408,2022,,0.85,0.06,1.0,0.2,5220.28,,153.0,23.0,Medium,0.5,Medium,0.5,Moderately sensitive,0.5,Resistant,1.0,Light purple,Rounded,,,
1414,1414,Dioscorea alata,Ghana,CIRAD51,,8.0300284,-1.0800271,2022,,,,,0.23,7896.63,,,,High,1.0,Medium,0.5,Sensitive,0.0,Resistant,1.0,Yellowish white or off-white,Oval-oblong,,,
1475,1475,Dioscorea alata,Nigéria,CIRAD52,2,9.6000359,7.9999721,2022,,,,,,,,,,,,,,,,,,White,Rounded,,,
1247,1247,Dioscorea alata,Ghana,CIRAD53,,8.0300284,-1.0800271,2022,,,,,,,,,,Medium,0.5,Medium,0.5,Resistant,1.0,Resistant,1.0,Yellowish white or off-white,Oval-oblong,yes,1.0,M
1173,1173,Dioscorea alata,Bénin,CIRAD54,2,9.5293472,2.2584408,2022,,5.66,0.45,1.0,0.32,6764.42,157.0,166.0,14.0,High,1.0,High,1.0,Resistant,1.0,Moderately sensitive,0.5,White,Oval-oblong,,,
1328,1328,Dioscorea alata,Ghana,CIRAD55,2,8.0300284,-1.0800271,2022,,,,,,,,,,,,,,,,,,,,,,
1185,1185,Dioscorea alata,Bénin,CIRAD56,2,9.5293472,2.2584408,2022,,2.375,0.19,1.0,,5423.32,,166.0,14.0,Medium,0.5,Medium,0.5,Moderately sensitive,0.5,Moderately sensitive,0.5,Purple with white,Oval,,,
1372,1372,Dioscorea alata,Inde,CIRAD57,,22.3511148,78.6677428,2022,,,,,,,,,,,,Low,0.0,Resistant,1.0,Moderately sensitive,0.5,Light purple,Rounded,yes,1.0,M
2842,2842,Dioscorea alata,Ghana,CIRAD58,,8.0300284,-1.0800271,2022,,,,,,,,,,Medium,0.5,High,1.0,Resistant,1.0,Resistant,1.0,White,Oval-oblong,,,
1371,1371,Dioscorea alata,Congo,CIRAD59,2,-2.9814344,23.8222636,2022,,,,,,,,,,,,,,,,,,,,,,
4890,4890,Dioscorea alata,Côte D'Ivoire,CIRAD60,2,7.9897371,-5.5679458,2022,,,,,,,,,,Medium,0.5,High,1.0,Resistant,1.0,Resistant,1.0,White,Oval-oblong,,,
4941,4941,Dioscorea alata,Bénin,CIRAD61,2,9.5293472,2.2584408,2022,,1.63,0.11,1.125,0.24,6236.77,165.0,,,High,1.0,High,1.0,Resistant,1.0,Resistant,1.0,White,Oval,,,
5080,5080,Dioscorea alata,Bénin,CIRAD62,2,9.5293472,2.2584408,2022,,9.6,0.43,1.75,0.22,5764.24,,165.0,14.0,High,1.0,High,1.0,Resistant,1.0,Resistant,1.0,White,Rounded,,,
3805,3805,Dioscorea alata,Côte D'Ivoire,CIRAD63,2,7.9897371,-5.5679458,2022,,,,,,,,,,High,1.0,Medium,0.5,Resistant,1.0,Moderately sensitive,0.5,Purple with white,Cylindrical,yes,1.0,M
4830,4830,Dioscorea alata,Côte D'Ivoire,CIRAD64,2,7.9897371,-5.5679458,2022,,,,,,,,,,,,High,1.0,Moderately sensitive,0.5,Moderately sensitive,0.5,Yellowish white or off-white,Oval-oblong,,,
4878,4878,Dioscorea alata,Côte D'Ivoire,CIRAD65,2,7.9897371,-5.5679458,2022,,,,,,,,,,Medium,0.5,Medium,0.5,Sensitive,0.0,Resistant,1.0,White,Oval-oblong,yes,1.0,M
4950,4950,Dioscorea alata,Bénin,CIRAD66,2,9.5293472,2.2584408,2022,,,,,,,,,,High,1.0,Low,0.0,Moderately sensitive,0.5,Resistant,1.0,White with purple,Oval,,,
5140,5140,Dioscorea alata,Nigéria,CIRAD67,2,9.6000359,7.9999721,2022,,,,,,,,,,Medium,0.5,High,1.0,Resistant,1.0,Resistant,1.0,White,Oval,,,
3121,3121,Dioscorea alata,Inde,CIRAD68,2,22.3511148,78.6677428,2022,,,,,,6622.66,,,,Medium,0.5,Medium,0.5,Moderately sensitive,0.5,Resistant,1.0,Yellowish white or off-white,Oval-oblong,,,
4823,4823,Dioscorea alata,Côte D'Ivoire,CIRAD69,2,7.9897371,-5.5679458,2022,,10.62,0.63,1.33,0.24,3594.8,,,,Medium,0.5,Low,0.0,Resistant,1.0,Resistant,1.0,White,Irregular,,,
2562,2562,Dioscorea rotundata,Nigéria,CIRAD70,,9.6000359,7.9999721,2022,,,,,,,,,,Medium,0.5,Medium,0.5,Resistant,1.0,Resistant,1.0,White,Oval-oblong,yes,1.0,M
2866,2866,Dioscorea alata,Côte D'Ivoire,CIRAD71,2,7.9897371,-5.5679458,2022,,,,,,,,,,,,,,,,,,,,,,
3836,3836,Dioscorea alata,Nigéria,CIRAD72,2,9.6000359,7.9999721,2022,,,,,,,,,,,,,,,,,,,,,,
5146,5146,Dioscorea alata,Nigéria,CIRAD73,2,9.6000359,7.9999721,2022,,,,,,,,,,Medium,0.5,Medium,0.5,Resistant,1.0,Resistant,1.0,Yellowish white or off-white,Oval-oblong,,,
3264,3264,Dioscorea alata,Inde,CIRAD74,2,22.3511148,78.6677428,2022,,12.43,0.87,1.14,0.26,7440.09,,168.0,19.0,High,1.0,Low,0.0,Resistant,1.0,Moderately sensitive,0.5,Yellowish white or off-white,Irregular,yes,1.0,M
3702,3702,Dioscorea alata,Congo,CIRAD75,2,-2.9814344,23.8222636,2022,,5.1,0.32,1.25,0.18,5436.14,,,,Medium,0.5,High,1.0,Resistant,1.0,Resistant,1.0,White,Irregular,,,
3754,3754,Dioscorea alata,Nigéria,CIRAD76,2,9.6000359,7.9999721,2022,,3.72,0.23,1.28,0.14,6137.0,,152.0,24.0,High,1.0,Medium,0.5,Resistant,1.0,Resistant,1.0,White,Flattened,yes,1.0,M
3912,3912,Dioscorea alata,Bénin,CIRAD77,2,9.5293472,2.2584408,2022,,,,,0.24,3771.32,,,,Medium,0.5,High,1.0,Resistant,1.0,Resistant,1.0,White,Cylindrical,yes,1.0,F
AIA 445,CRB25,Dioscorea alata,Nigéria,CIRAD78,2,9.6000359,7.9999721,2023,,,,,,7637.83,,,,Medium,0.5,Low,0.0,Moderately sensitive,0.5,Resistant,1.0,White,Oval,,,
Nouméa,CRB26,Dioscorea alata,Nouvelle Calédonie,CIRAD79,,-21.3019905,165.4880773,2023,,,,,,,,,,,,,,,,,,,,,,
DA 26,CRB38,Dioscorea alata,Guyane Française,CIRAD80,2,4.0039882,-52.999998,2023,,,,,,,,,,Medium,0.5,Low,0.0,Resistant,1.0,Sensitive,0.0,Yellow,Cylindrical,yes,1.0,M
Telemaque,CRB39,Dioscorea alata,Martinique,CIRAD81,,14.6367927,-61.0158269,2023,,,,,,,,,,,,,,,,,,,,,,
De agua,CRB40,Dioscorea alata,Porto Rico,CIRAD82,,18.2247706,-66.4858295,2023,,,,,0.24,4995.33,,140.0,30.0,High,1.0,Low,0.0,Resistant,1.0,Resistant,1.0,Yellowish white or off-white,Oval,yes,1.0,M
AIA 443,CRB50,Dioscorea alata,Nigéria,CIRAD83,,9.6000359,7.9999721,2023,,,,,,,,,,,,,,,,,,,,,,
Sweet yam,CRB52,Dioscorea alata,Jamaique,CIRAD84,,18.1850507,-77.3947693,2023,,,,,,,,,,,,,,,,,,,,,,
DA 27,CRB56,Dioscorea alata,Guyane Française,CIRAD85,3,4.0039882,-52.999998,2023,,,,,0.34,5786.13,167.0,,,Medium,0.5,Medium,0.5,Resistant,1.0,Moderately sensitive,0.5,Yellowish white or off-white,Oval-oblong,,,
Brésil 1,CRB57,Dioscorea alata,Brésil,CIRAD86,2,-10.3333333,-53.2,2023,,,,,,,,,,Low,0.0,Medium,0.5,Resistant,1.0,Moderately sensitive,0.5,White with purple,Oval,yes,1.0,M
Americano,CRB58,Dioscorea alata,République Dominicaine,CIRAD87,2,19.0974031,-70.3028026,2023,,9.58,0.5,1.5,0.22,7916.59,156.0,,,Medium,0.5,High,1.0,Resistant,1.0,Moderately sensitive,0.5,Yellowish white or off-white,Oval-oblong,yes,1.0,M
St Domingue,CRB60,Dioscorea alata,République Dominicaine,CIRAD88,2,19.0974031,-70.3028026,2023,,7.43,0.47,1.25,0.28,9322.92,,153.0,32.0,Medium,0.5,Medium,0.5,Resistant,1.0,Moderately sensitive,0.5,White,Oval-oblong,,,
Brazzo Fuerte,CRB61,Dioscorea alata,Porto Rico,CIRAD89,,18.2247706,-66.4858295,2023,,,,,,,,,,,,,,,,,,,,,,
Bacala 2,CRB62,Dioscorea alata,Haiti,CIRAD90,,19.1399952,-72.3570972,2023,,,,,,,,,,Medium,0.5,Low,0.0,Sensitive,0.0,Resistant,1.0,Yellowish white or off-white,Irregular,,,
St Vincent Violet,CRB64,Dioscorea alata,France,CIRAD91,2,46.603354,1.8883335,2023,,,,,,,,,,,,Medium,0.5,Resistant,1.0,Resistant,1.0,Yellowish white or off-white,Oval,,,
Buet,CRB66,Dioscorea alata,Nouvelle Calédonie,CIRAD92,2,-21.3019905,165.4880773,2023,,,,,,,,,,Medium,0.5,Medium,0.5,Resistant,1.0,Resistant,1.0,White,Flattened,,,
Bacala 1,CRB67,Dioscorea alata,Haiti,CIRAD93,2,19.1399952,-72.3570972,2023,,3.54,0.28,1.0,0.27,5170.9,,162.0,18.0,Medium,0.5,Low,0.0,Resistant,1.0,Resistant,1.0,Orange,Irregular,,,
Morado,CRB70,Dioscorea alata,Cuba,CIRAD94,,23.0131338,-80.8328748,2023,,,,,,,,,,,,,,,,,,,,,,
Wénéféla bis,CRB86,Dioscorea alata,Nouvelle Calédonie,CIRAD95,3,-21.3019905,165.4880773,2023,,5.33,0.42,1.0,,5307.48,,127.0,30.0,High,1.0,Low,0.0,Resistant,1.0,Moderately sensitive,0.5,White,Oval,,,
Purple Lisbon,CRB92,Dioscorea alata,Porto Rico,CIRAD96,2,18.2247706,-66.4858295,2023,,7.97,0.63,1.0,0.26,8173.35,,148.0,14.0,High,1.0,Medium,0.5,Moderately sensitive,0.5,Resistant,1.0,White,Rounded,,,
Renta Yam,CRB94,Dioscorea alata,Jamaique,CIRAD97,,18.1850507,-77.3947693,2023,,,,,,,,,,,,,,,,,,Yellowish white or off-white,Oval-oblong,,,F
Toro,CRB97,Dioscorea alata,Haiti,CIRAD98,2,19.1399952,-72.3570972,2023,,15.03,0.88,1.35,0.38,10713.64,166.0,169.0,29.0,Medium,0.5,Medium,0.5,Resistant,1.0,Moderately sensitive,0.5,White,Cylindrical,yes,1.0,F
SEA 184,CRB102,Dioscorea alata,Philippines,CIRAD99,,12.7503486,122.7312101,2023,,,,,,,,,,,,,,,,,,,,,,
Caillade 1,CRB110,Dioscorea alata,Haiti,CIRAD100,,19.1399952,-72.3570972,2023,,,,,,,,,,,,,,,,,,,,,,
SEA 144,CRB115,Dioscorea alata,Fidji,CIRAD101,,-18.1239696,179.0122737,2023,,,,,,,,,,,,,,,,,,,,,,
Tahiti messien,CRB36,Dioscorea alata,,CIRAD102,,,,2023,,,,,,,,,,High,1.0,Medium,0.5,Resistant,1.0,Moderately sensitive,0.5,Purple with white,Oval-oblong,,,
Ti Joseph 1,CRB63,Dioscorea alata,,CIRAD103,,,,2023,,,,,,,,,,Medium,0.5,Low,0.0,Resistant,1.0,Resistant,1.0,Purple exterior / white interior,Oval-oblong,,,
St Martin,CRB107,Dioscorea alata,,CIRAD104,4,,,2023,,11.86,0.66,1.42,0.31,8644.21,,179.0,17.0,Medium,0.5,Medium,0.5,Resistant,1.0,Moderately sensitive,0.5,Yellowish white or off-white,Cylindrical,,,
A 19,CRB418,Dioscorea alata,,CIRAD105,2,,,2023,,,,,,3704.82,,,,Medium,0.5,Medium,0.5,Resistant,1.0,Moderately sensitive,0.5,White,Oval-oblong,,,
Wabé,CRB622,Dioscorea alata,,CIRAD106,,,,2023,,,,,,,,,,Medium,0.5,High,1.0,Resistant,1.0,Moderately sensitive,0.5,White with purple,Irregular,yes,1.0,M
Tana,CRB83,Dioscorea alata,,CIRAD107,,,,2023,,30.05,2.4,1.0,0.22,5790.93,,151.0,19.0,High,1.0,Medium,0.5,Resistant,1.0,Moderately sensitive,0.5,Yellowish white or off-white,Oval,,,
CIRAD235,CIR-B235,Dioscorea alata,Guadeloupe,CIRAD176,2,16.2528827,-61.5686855,2016,,,,,,,,,,High,1.0,High,1.0,Resistant,1.0,Moderately sensitive,0.5,White,Oval-oblong,yes,1.0,M
KARUKERA,CIR-A047,Dioscorea alata,Guadeloupe,CIRAD177,2,16.2528827,-61.5686855,2016,,,,,,,,,,High,1.0,High,1.0,Moderately sensitive,0.5,Resistant,1.0,White,Oval-oblong,yes,1.0,M
DESIRABLE,CIR-A049,Dioscorea alata,Guadeloupe,CIRAD178,2,16.2528827,-61.5686855,2016,,,,,,,,,,High,1.0,High,1.0,Resistant,1.0,Resistant,1.0,White,Cylindrical,,,F
TROPICAL,CIR-A064,Dioscorea alata,Guadeloupe,CIRAD179,2,16.2528827,-61.5686855,2016,,,,,,,,,,High,1.0,High,1.0,Resistant,1.0,Resistant,1.0,Yellowish white or off-white,Oval-oblong,yes,1.0,F
REGIONAL,CIR-A110,Dioscorea alata,Guadeloupe,CIRAD180,2,16.2528827,-61.5686855,2016,,,,,,,,,,Medium,0.5,Medium,0.5,Resistant,1.0,Moderately sensitive,0.5,White,Oval-oblong,yes,1.0,M
DEFI,CIR-A118,Dioscorea alata,Guadeloupe,CIRAD181,2,16.2528827,-61.5686855,2016,,,,,,,,,,Medium,0.5,High,1.0,Resistant,1.0,Resistant,1.0,Yellowish white or off-white,Cylindrical,yes,1.0,M
C5,CIR-A005,Dioscorea alata,Guadeloupe,CIRAD182,2,16.2528827,-61.5686855,2016,,,,,,,,,,High,1.0,High,1.0,Resistant,1.0,Moderately sensitive,0.5,Yellow,Oval,,,M
Evolution,CIR-A094,Dioscorea alata,Guadeloupe,CIRAD183,2,16.2528827,-61.5686855,2016,,,,,,,,,,Medium,0.5,High,1.0,Resistant,1.0,Resistant,1.0,Yellowish white or off-white,Oval-oblong,yes,1.0,M
61F,Roujol83,Dioscorea alata,Guadeloupe,CIRAD108,2,16.2528827,-61.5686855,2006,,,,,,,,,,Low,0.0,Medium,0.5,Resistant,1.0,Moderately sensitive,0.5,Yellow,Irregular,yes,1.0,F
CIR-B037,CIR-B037,Dioscorea alata,Guadeloupe,CIRAD184,2,16.2528827,-61.5686855,2016,,4.68,0.37,1.0,,,154.0,121.0,64.0,,,,,Resistant,1.0,Moderately sensitive,0.5,White,Irregular,,,
CIR-B051,CIR-B051,Dioscorea alata,Guadeloupe,CIRAD185,2,16.2528827,-61.5686855,2016,,,,,,,,,,Medium,0.5,Medium,0.5,Resistant,1.0,Resistant,1.0,Yellow,Irregular,yes,1.0,F
CIR-B120,CIR-B120,Dioscorea alata,Guadeloupe,CIRAD186,2,16.2528827,-61.5686855,2016,,,,,,,,,,,,,,,,,,Yellowish white or off-white,Oval-oblong,,,
CIR-B016,CIR-B016,Dioscorea alata,Guadeloupe,CIRAD187,2,16.2528827,-61.5686855,2016,,,,,,,,,,,,,,,,,,,,,,
CIR-B202,CIR-B202,Dioscorea alata,Guadeloupe,CIRAD188,2,16.2528827,-61.5686855,2016,,14.64,1.17,1.0,0.23,4920.89,162.25,150.0,37.0,Medium,0.5,Medium,0.5,Resistant,1.0,Moderately sensitive,0.5,Orange,Oval-oblong,yes,1.0,F
CIR-B185,CIR-B185,Dioscorea alata,Guadeloupe,CIRAD189,2,16.2528827,-61.5686855,2016,,,,,,,,,,High,1.0,Medium,0.5,Moderately sensitive,0.5,Moderately sensitive,0.5,White,Oval-oblong,yes,1.0,M
CIR-B214,CIR-B214,Dioscorea alata,Guadeloupe,CIRAD190,2,16.2528827,-61.5686855,2016,,,,,,,,,,Medium,0.5,Medium,0.5,Resistant,1.0,Moderately sensitive,0.5,Orange,Oval-oblong,yes,1.0,F
CIR-B151,CIR-B151,Dioscorea alata,Guadeloupe,CIRAD191,2,16.2528827,-61.5686855,2021,,,,,,,,,,Medium,0.5,Medium,0.5,Resistant,1.0,Moderately sensitive,0.5,Yellow,Oval-oblong,yes,1.0,F
CIR-C100,CIR-C100,Dioscorea alata,Guadeloupe,CIRAD192,2,16.2528827,-61.5686855,2022,,,,,,,,,,,,,,,,,,,,,,
CIR-C101,CIR-C101,Dioscorea alata,Guadeloupe,CIRAD193,2,16.2528827,-61.5686855,2022,,,,,,,,,,,,,,,,,,,,,,
CIR-C102,CIR-C102,Dioscorea alata,Guadeloupe,CIRAD194,2,16.2528827,-61.5686855,2022,,,,,,,,,,,,,,,,,,,,,,
CIR-C103,CIR-C103,Dioscorea alata,Guadeloupe,CIRAD195,2,16.2528827,-61.5686855,2022,,,,,,,,,,,,,,,,,,,,,,
CIR-C104,CIR-C104,Dioscorea alata,Guadeloupe,CIRAD196,2,16.2528827,-61.5686855,2022,,,,,,,,,,,,,,,,,,,,,,
CIR-C105,CIR-C105,Dioscorea alata,Guadeloupe,CIRAD197,2,16.2528827,-61.5686855,2022,,,,,,,,,,,,,,,,,,,,,,
CIR-K050,CIR-K050,Dioscorea alata,Guadeloupe,CIRAD198,4,16.2528827,-61.5686855,2022,,,,,,,,,,,,,,,,,,,,,,
CIR-K051,CIR-K051,Dioscorea alata,Guadeloupe,CIRAD199,4,16.2528827,-61.5686855,2022,,,,,,,,,,,,,,,,,,,,,,
CIR-K052,CIR-K052,Dioscorea alata,Guadeloupe,CIRAD200,4,16.2528827,-61.5686855,2022,,,,,,,,,,,,,,,,,,,,,,
MALALAGI (VU 639),CRB763,Dioscorea alata,Vanuatu,CIRAD109,,-16.5255069,168.1069154,2005,,,,,,,,,,Medium,0.5,Medium,0.5,Resistant,1.0,Resistant,1.0,White,Oval-oblong,,,M
H4X-200 (Rosette),Roujol95,Dioscorea alata,Guadeloupe,CIRAD110,4,16.2528827,-61.5686855,2006,,12.3,0.98,1.0,0.33,5774.78,159.5,158.0,17.0,High,1.0,High,1.0,Resistant,1.0,Moderately sensitive,0.5,Purple exterior / white interior,Oval-oblong,yes,1.0,F
Coco,CRB764,Dioscorea rotundata,Guadeloupe,CIRAD117,,16.2528827,-61.5686855,2006,,,,,,,,,,,,,,,,,,,,,,
Belo,CRB765,Dioscorea rotundata,Guadeloupe,CIRAD118,,16.2528827,-61.5686855,2006,,,,,,,,,,,,,,,,,,,,,,
TiClair,CRB766,Dioscorea rotundata,Guadeloupe,CIRAD119,,16.2528827,-61.5686855,2006,,,,,,,,,,,,,,,,,,,,,,
TiBou/7F,Roujol96,Dioscorea rotundata,Guadeloupe,CIRAD111,,16.2528827,-61.5686855,2006,,8.7,0.69,1.0,0.29,,,158.0,27.0,High,1.0,Medium,0.5,Resistant,1.0,Resistant,1.0,White,Oval-oblong,,,F
Pacala Tardif,CRB19,Dioscorea alata,Martinique,CIRAD112,,14.6367927,-61.0158269,2023,,,,,,,,,,Low,0.0,Low,0.0,Resistant,1.0,Moderately sensitive,0.5,White,Cylindrical,,,
Vino Purple forme,CRB76,Dioscorea alata,,CIRAD113,,,,2023,,,,,,,,,,,,,,,,,,,,,,
Monoique,CRB155,Dioscorea rotundata,,CIRAD114,,,,2023,,,,,,,,,,,,,,,,,,,,,,
Mono 25-2,CRB448,Dioscorea rotundata,,CIRAD115,,,,2023,,,,,,,,,,,,,,,,,,,,,,M
LABOKO,Roujol84,Dioscorea rotundata,Bénin,CIRAD116,,9.5293472,2.2584408,2023,,,,,0.47,6528.59,,,,,,Low,0.0,,,,,White,Oval-oblong,,,F
4638,4638,Dioscorea alata,Inde,CIRAD201,,22.3511148,78.6677428,2022,,,,,,,,,,,,,,,,,,,,,,
4938,4938,Dioscorea alata,,CIRAD202,,,,2022,,,,,,,,,,High,1.0,Low,0.0,Moderately sensitive,0.5,Moderately sensitive,0.5,Yellowish white or off-white,Irregular,,,
CIR-D050,CIR-D050,Dioscorea alata,Guadeloupe,CIRAD203,2,16.2528827,-61.5686855,2022,,,,,,,,,,,,,,,,,,,,,,
Pas possible,Roujol86,Dioscorea cayenensis,Guadeloupe,CIRAD204,,16.2528827,-61.5686855,,,,,,,,,,,Medium,0.5,High,1.0,Resistant,1.0,Resistant,1.0,White,Oval-oblong,,,
3253,3253,Dioscorea alata,Togo,CIRAD265,,8.7800265,1.0199765,,,,,,,,,,,,,,,,,,,,,,,
CIR-B244,CIR-B244,Dioscorea alata,Guadeloupe,CIRAD208,,16.2528827,-61.5686855,,,,,,,,,,,High,1.0,Low,0.0,Resistant,1.0,Moderately sensitive,0.5,White with purple,Irregular,,,
CIR-D030,CIR-D030,Dioscorea alata,Guadeloupe,CIRAD209,,16.2528827,-61.5686855,,,,,,,,,,,,,,,,,,,,,,,
Ruby,CIRAD210,Dioscorea alata,Guadeloupe,CIRAD210,,16.2528827,-61.5686855,,,,,,,,,,,Medium,0.5,High,1.0,Resistant,1.0,Resistant,1.0,White with purple,Oval-oblong,,,
Ado,CIRAD211,Dioscorea bulbifera,Guadeloupe,CIRAD211,,16.2528827,-61.5686855,,,,,,,,,,,Medium,0.5,,,Resistant,1.0,Resistant,1.0,Yellow,Rounded,,,
CIRADO,CIR-A03,Dioscorea alata,Guadeloupe,CIRAD212,,16.2528827,-61.5686855,,,,,,,,,,,Medium,0.5,High,1.0,Moderately sensitive,0.5,Moderately sensitive,0.5,White,Oval-oblong,,,
Elie,CIR-A39,Dioscorea alata,Guadeloupe,CIRAD213,,16.2528827,-61.5686855,,,,,,,,,,,High,1.0,High,1.0,Resistant,1.0,Moderately sensitive,0.5,White,Cylindrical,,,
Hana,CIR-A54,Dioscorea alata,Guadeloupe,CIRAD214,,16.2528827,-61.5686855,,,,,,,,,,,Medium,0.5,Medium,0.5,Resistant,1.0,Moderately sensitive,0.5,White,Oval-oblong,,,F
Gwadikera,CIR-A67,Dioscorea alata,Guadeloupe,CIRAD215,,16.2528827,-61.5686855,,,,,,,,,,,Medium,0.5,High,1.0,Resistant,1.0,Moderately sensitive,0.5,White with purple,Cylindrical,,,F
CRB68-bis,CRB68-bis,Dioscorea alata,Guadeloupe,CIRAD216,,16.2528827,-61.5686855,,,,,,,,,,,Medium,0.5,Low,0.0,Moderately sensitive,0.5,Resistant,1.0,Yellowish white or off-white,Irregular,,,
CIRAD217,CIRAD217,Dioscorea alata,Guadeloupe,CIRAD217,,16.2528827,-61.5686855,,,,,,,,,,,,,,,Resistant,1.0,Resistant,1.0,Yellow,Oval-oblong,,,
74F-violet,CIRAD218,Dioscorea alata,Guadeloupe,CIRAD218,,16.2528827,-61.5686855,,,,,,,,,,,,,,,,,,,,,yes,1.0,M
PAS POSSIBLE (nouveau),CIRAD219,Dioscorea esculenta,Guadeloupe,CIRAD219,,16.2528827,-61.5686855,,,,,,,,,,,Medium,0.5,High,1.0,Resistant,1.0,Moderately sensitive,0.5,White,Oval-oblong,,,
Patte à cheval,CIRAD220,Dioscorea trifida,Guadeloupe,CIRAD220,,16.2528827,-61.5686855,,,,,,,,,,,Medium,0.5,Medium,0.5,,,,,White,Oval,,,
Luc GC,CRB305,Dioscorea rotundata,Guadeloupe,CIRAD221,,16.2528827,-61.5686855,,,,,,,,,,,,,High,1.0,Resistant,1.0,Resistant,1.0,Yellowish white or off-white,Cylindrical,,,
Mgs 5,CRB597,Dioscorea cayenensis,Guadeloupe,CIRAD222,,16.2528827,-61.5686855,,,,,,,,,,,Medium,0.5,High,1.0,Resistant,1.0,Resistant,1.0,White,Cylindrical,,,
Adon-CRB,CRB383,Dioscorea bulbifera,Guadeloupe,CIRAD224,,16.2528827,-61.5686855,,,,,,,,,,,Medium,0.5,Low,0.0,,,,,Yellow,Rounded,,,
OP3,CRB206,Dioscorea bulbifera,Guadeloupe,CIRAD223,,16.2528827,-61.5686855,,,,,,,,,,,Low,0.0,Low,0.0,Resistant,1.0,Resistant,1.0,Yellow,Irregular,,,
Réunion,CRB477,Dioscorea bulbifera,Guadeloupe,CIRAD225,,16.2528827,-61.5686855,,,,,,,,,,,Medium,0.5,Medium,0.5,Resistant,1.0,Resistant,1.0,Yellow,Oval,,,
Thuma,CRB478,Dioscorea bulbifera,Guadeloupe,CIRAD226,,16.2528827,-61.5686855,,,,,,,,,,,Low,0.0,Low,0.0,,,,,,Rounded,,,
Name de Papa,CRB365,Dioscorea esculenta,Porto Rico,CIRAD227,,18.2247706,-66.4858295,,,,,,,,,,,,,,,,,,,White,Oval-oblong,,,
Assam,CRB365,Dioscorea bulbifera,Porto Rico,CIRAD228,,18.2247706,-66.4858295,,,,,,,,,,,,,High,1.0,Resistant,1.0,Resistant,1.0,White,Oval-oblong,,,
Reunion,CRB477,Dioscorea bulbifera,Guadeloupe,CIRAD225,,16.2528827,-61.5686855,,,,,,,,,,,,,,,,,,,,,,,
Spindle,CRB458,Dioscorea esculenta,Guadeloupe,CIRAD229,,16.2528827,-61.5686855,,,,,,,,,,,High,1.0,High,1.0,Resistant,1.0,Resistant,1.0,White,Oval-oblong,,,
Pas possible IRAT,CRB459,Dioscorea esculenta,Guadeloupe,CIRAD230,,16.2528827,-61.5686855,,,,,,,,,,,Medium,0.5,High,1.0,Resistant,1.0,Resistant,1.0,White,Oval-oblong,,,
SEA 273,CRB469,Dioscorea esculenta,Guadeloupe,CIRAD231,,16.2528827,-61.5686855,,,,,,,,,,,High,1.0,High,1.0,Resistant,1.0,Resistant,1.0,Yellowish white or off-white,Oval-oblong,,,
ZAMEY,CIRAD 232,Dioscorea alata,Guadeloupe,CIRAD232,,16.2528827,-61.5686855,,,,,,,,,,,Medium,0.5,Medium,0.5,Resistant,1.0,Moderately sensitive,0.5,White with purple,Oval-oblong,,,
CI-GWA,CIRAD233,Dioscorea alata,Guadeloupe,CIRAD233,,16.2528827,-61.5686855,,,,,,,,,,,High,1.0,High,1.0,Resistant,1.0,Resistant,1.0,White,Oval-oblong,,,
CITOYENNE,CIRAD 234 (4638),Dioscorea alata,Guadeloupe,CIRAD234,,16.2528827,-61.5686855,,,,,,,,,,,High,1.0,High,1.0,Resistant,1.0,Moderately sensitive,0.5,Yellowish white or off-white,Oval,,,
Autofécondation-74F-3,CIRAD 235,Dioscorea alata,Guadeloupe,CIRAD235,,16.2528827,-61.5686855,,,,,,,,,,,Low,0.0,Medium,0.5,Resistant,1.0,Moderately sensitive,0.5,Yellow,Oval-oblong,,,
Autofécondation-DOU-1,CIRAD 236,Dioscorea alata,Guadeloupe,CIRAD236,,16.2528827,-61.5686855,,,,,,,,,,,,,,,,,,,White with purple,Irregular,,,
Autofécondation-DOU-2,CIRAD 237,Dioscorea alata,Guadeloupe,CIRAD237,,16.2528827,-61.5686855,,,,,,,,,,,Medium,0.5,Medium,0.5,Moderately sensitive,0.5,Resistant,1.0,Yellowish white or off-white,Oval-oblong,,,
Autofécondation-DOU-3,CIRAD 238,Dioscorea alata,Guadeloupe,CIRAD238,,16.2528827,-61.5686855,,,,,,,,,,,High,1.0,Low,0.0,Resistant,1.0,Moderately sensitive,0.5,White,Irregular,,,
Autofécondation-DOU-4,CIRAD 239,Dioscorea alata,Guadeloupe,CIRAD239,,16.2528827,-61.5686855,,,,,,,,,,,Medium,0.5,Medium,0.5,Resistant,1.0,Resistant,1.0,White with purple,Oval,,,
Autofécondation-DOU-5,CIRAD 240,Dioscorea alata,Guadeloupe,CIRAD240,,16.2528827,-61.5686855,,,,,,,,,,,,,Low,0.0,Resistant,1.0,Resistant,1.0,White with purple,Irregular,,,
Autofécondation-61F-1,CIRAD 241,Dioscorea alata,Guadeloupe,CIRAD241,,16.2528827,-61.5686855,,,,,,,,,,,Low,0.0,Medium,0.5,Moderately sensitive,0.5,Moderately sensitive,0.5,Yellowish white or off-white,Oval-oblong,,,
Autofécondation-61F-2,CIRAD 242,Dioscorea alata,Guadeloupe,CIRAD242,,16.2528827,-61.5686855,,,,,,,,,,,Medium,0.5,Low,0.0,Resistant,1.0,Moderately sensitive,0.5,Yellowish white or off-white,Oval-oblong,,,
Autofécondation-61F-3,CIRAD 243,Dioscorea alata,Guadeloupe,CIRAD243,,16.2528827,-61.5686855,,,,,,,,,,,Medium,0.5,Low,0.0,Resistant,1.0,Resistant,1.0,White,Oval-oblong,,,
Autofécondation-61F-4,CIRAD 244,Dioscorea alata,Guadeloupe,CIRAD244,,16.2528827,-61.5686855,,,,,,,,,,,Medium,0.5,Low,0.0,Moderately sensitive,0.5,Resistant,1.0,Yellowish white or off-white,Oval-oblong,,,
Autofécondation61F-5,CIRAD 245,Dioscorea alata,Guadeloupe,CIRAD245,,16.2528827,-61.5686855,,,,,,,,,,,Low,0.0,Medium,0.5,Resistant,1.0,Resistant,1.0,White with purple,Oval-oblong,,,
Autofécondation-KREOLINE-1,CIRAD 246,Dioscorea alata,Guadeloupe,CIRAD246,,16.2528827,-61.5686855,,,,,,,,,,,Medium,0.5,Medium,0.5,Resistant,1.0,Moderately sensitive,0.5,Purple with white,Irregular,,,
Autofécondation-KREOLINE-3,CIRAD 247,Dioscorea alata,Guadeloupe,CIRAD247,,16.2528827,-61.5686855,,,,,,,,,,,Medium,0.5,Low,0.0,Resistant,1.0,Resistant,1.0,Yellowish white or off-white,Irregular,,,
Autofécondation-KREOLINE-4,CIRAD 248,Dioscorea alata,Guadeloupe,CIRAD248,,16.2528827,-61.5686855,,,,,,,,,,,Low,0.0,Low,0.0,Resistant,1.0,Moderately sensitive,0.5,Yellowish white or off-white,Irregular,,,
Autofécondation-KREOLINE-5,CIRAD 249,Dioscorea alata,Guadeloupe,CIRAD249,,16.2528827,-61.5686855,,,,,,,,,,,High,1.0,Medium,0.5,Resistant,1.0,Resistant,1.0,Yellowish white or off-white,Oval-oblong,,,
CIR-B098,CIR-B098,Dioscorea alata,Guadeloupe,0,,16.2528827,-61.5686855,,,,,,,,,,,,,,,,,,,,,,,
CIR-C-103,CIR-C-103,Dioscorea alata,Guadeloupe,CIRAD251,,16.2528827,-61.5686855,,,,,,,,,,,,,,,,,,,,,,,
CIR-L037,CIR-L037,Dioscorea alata,Guadeloupe,CIRAD252,,16.2528827,-61.5686855,,,,,,,,,,,,,,,,,,,,,,,
CIR-B142,CIR-B142,Dioscorea bulbifera,Guadeloupe,CIRAD254,,16.2528827,-61.5686855,,,,,,,,,,,,,,,,,,,,,,,
CIR-A071,CIR-A071,Dioscorea alata,Guadeloupe,CIRAD255,,16.2528827,-61.5686855,,,,,,,,,,,,,,,,,,,,,,,
CIR-K032,CIR-K032,Dioscorea alata,Guadeloupe,CIRAD257,,16.2528827,-61.5686855,,,,,,,,,,,Medium,0.5,Low,0.0,,,,,White,Irregular,,,
CIR-N010,CIR-N010,Dioscorea alata,Guadeloupe,0,,16.2528827,-61.5686855,,,,,,,,,,,,,,,,,,,,,,,
CIR-K009,CIR-K009,Dioscorea alata,Guadeloupe,0,,16.2528827,-61.5686855,,,,,,,,,,,,,,,,,,,,,,,
SEA 273,CIRAD 231,Dioscorea alata,Guadeloupe,CIRAD231,,16.2528827,-61.5686855,,,,,,,,,,,,,,,,,,,,,,,
CIR-B079,CIRAD 253,Dioscorea alata,Guadeloupe,CIRAD253,,16.2528827,-61.5686855,,,,,,,,,,,,,,,,,,,,,,,
CIR-B132,CIRAD 256,Dioscorea alata,Guadeloupe,CIRAD256,,16.2528827,-61.5686855,,,,,,,,,,,,,,,,,,,,,,,
CIR-P006,CIRAD 258,Dioscorea alata,Guadeloupe,CIRAD258,,16.2528827,-61.5686855,,,,,,,,,,,,,,,,,,,,,,,
CIR-A25,CIRAD261,Dioscorea alata,Guadeloupe,CIRAD261,,16.2528827,-61.5686855,,,,,,,,,,,,,,,,,,,,,,,
CIR-D036,CIRAD262,Dioscorea alata,Guadeloupe,CIRAD262,,16.2528827,-61.5686855,,,,,,,,,,,,,,,,,,,,,,,
CIR-C052,CIRAD 268,Dioscorea bulbifera,Guadeloupe,CIRAD268,,16.2528827,-61.5686855,,,,,,,,,,,,,,,,,,,,,,,
3153,3153,Dioscorea alata,Bénin,CIRAD265,,9.5293472,2.2584408,,,,,,,,,,,High,1.0,Medium,0.5,Moderately sensitive,0.5,Moderately sensitive,0.5,Yellowish white or off-white,Rounded,,,
CIR-C078,CIRAD192,Dioscorea alata,Guadeloupe,CIRAD192,,16.2528827,-61.5686855,,,,,,,,,,,,,,,,,,,,,,,
CIR-C077,CIR-C077,Dioscorea alata,Guadeloupe,CIRAD193,,16.2528827,-61.5686855,,,,,,,,,,,,,,,,,,,,,,,
CIR-C090,CIR-C090,Dioscorea alata,Guadeloupe,CIRAD194,,16.2528827,-61.5686855,,,,,,,,,,,,,,,,,,,,,,,
CIR-C092,CIR-C092,Dioscorea alata,Guadeloupe,CIRAD195,,16.2528827,-61.5686855,,,,,,,,,,,,,,,,,,,,,,,
CIR-C010,CIR-C010,Dioscorea alata,Guadeloupe,CIRAD196,,16.2528827,-61.5686855,,,,,,,,,,,,,,,,,,,,,,,
CHIYAZI,Roujol87,Dioscorea alata,COMORES,CIRAD207,,0.0,0.0,,,,,,,,,,,Medium,0.5,Low,0.0,Resistant,1.0,Moderately sensitive,0.5,Yellowish white or off-white,Irregular,,,
Autofécondation-61F-2,CIRAD242,Dioscorea alata,Guadeloupe,CIRAD242,,16.2528827,-61.5686855,,,,,,,,,,,,,,,,,,,,,,,
A21,CRB401,Dioscorea alata,Guadeloupe,CIRAD125,,16.2528827,-61.5686855,,,,,,,,,,,,,,,,,,,,,,,
AIA445,CRB25,Dioscorea alata,Nigéria,CIRAD78,,9.6000359,7.9999721,,,,,,,,,,,,,,,,,,,,,,,
ADO,CIRAD211,Dioscorea bulbifera,Guadeloupe,CIRAD211,,16.2528827,-61.5686855,,,,,,,,,,,,,,,,,,,,,yes,1.0,F
Pas possible IRAT,CIRAD216,Dioscorea bulbifera,Guadeloupe,CIRAD216,,16.2528827,-61.5686855,,,,,,,,,,,,,,,,,,,,,,,
Amoumbé 1,CIRAD279,Dioscorea trifida,Guyane Française,CIRAD279,,4.0039882,-52.999998,,,,,,,,,,,,,,,Resistant,1.0,Resistant,1.0,,,yes,1.0,M
CIRAD300,CIRAD300,Dioscorea alata,Guadeloupe,CIRAD300,,16.2528827,-61.5686855,,,,,,,,,,,Medium,0.5,High,1.0,,,,,White,Cylindrical,,,
Igname jaune CIRAD,CIRAD301,Dioscorea cayenensis,Guadeloupe,CIRAD301,,16.2528827,-61.5686855,,,,,,,,,,,Low,0.0,Low,0.0,Resistant,1.0,Resistant,1.0,Yellow,Irregular,,,
14M-AND-001,CIRAD302,Dioscorea alata,Guadeloupe,CIRAD302,,16.2528827,-61.5686855,,,,,,,,,,,,,,,,,,,,,,,
14M-AND-002,CIRAD303,Dioscorea alata,Guadeloupe,CIRAD303,,16.2528827,-61.5686855,,,,,,,,,,,,,,,,,,,,,,,
IJ-AND-001,CIRAD304,Dioscorea cayenensis,Guadeloupe,CIRAD304,,16.2528827,-61.5686855,,,,,,,,,,,,,,,,,,,,,,,
iJ-AND-002,CIRAD305,Dioscorea cayenensis,Guadeloupe,CIRAD305,,16.2528827,-61.5686855,,,,,,,,,,,,,,,,,,,,,,,
CIT_153_001,CIRAD306,Dioscorea rotundata,Togo,CIRAD306,,8.7800265,1.0199765,,,,,,,,,,,,,,,,,,,,,,,
CIT_153_002,CIRAD307,Dioscorea rotundata,Togo,CIRAD307,,8.7800265,1.0199765,,,,,,,,,,,,,,,,,,,,,,,
CIT_153_003,CIRAD308,Dioscorea rotundata,Togo,CIRAD308,,8.7800265,1.0199765,,,,,,,,,,,,,,,,,,,,,,,
CIT_153_004,CIRAD309,Dioscorea rotundata,Togo,CIRAD309,,8.7800265,1.0199765,,,,,,,,,,,,,,,,,,,,,,,
CIT_153_005,CIRAD310,Dioscorea rotundata,Togo,CIRAD310,,8.7800265,1.0199765,,,,,,,,,,,,,,,,,,,,,,,
CIT_153_006,CIRAD311,Dioscorea rotundata,Togo,CIRAD311,,8.7800265,1.0199765,,,,,,,,,,,,,,,,,,,,,,,
CIT_153_007,CIRAD312,Dioscorea rotundata,Togo,CIRAD312,,8.7800265,1.0199765,,,,,,,,,,,,,,,,,,,,,,,
Dumé,CIRAD313,Dioscorea dumetorum,Togo,CIRAD313,,8.7800265,1.0199765,,,,,,,,,,,,,,,,,,,,,,,
Saul 37,CIRAD314,Dioscorea dumetorum,France,CIRAD314,,46.603354,1.8883335,,,,,,,,,,,,,,,,,,,,,,,
grosse caille jaune,CIRAD280,Dioscorea rotundata,Dominique,CIRAD280,,15.0,61.0,,,,,,,,,,,,,,,Resistant,1.0,Resistant,1.0,Yellow,Oval-oblong,,,
Akawani 2,CIRAD316,Dioscorea trifida,Guyane Française,CIRAD316,,4.0039882,-52.999998,,,,,,,,,,,,,,,,,,,,,,,
Château Rouge,CIRAD317,Dioscorea trifida,Martinique,CIRAD317,,14.6367927,-61.0158269,,,,,,,,,,,,,,,,,,,,,,,
Dominique 3,CIRAD318,Dioscorea trifida,Dominique,CIRAD318,,15.0,61.0,,,,,,,,,,,,,,,,,,,,,,,
Rococoua,CIRAD319,Dioscorea trifida,Guyane Française,CIRAD319,,4.0039882,-52.999998,,,,,,,,,,,,,,,,,,,,,,,
Aka 9,CIRAD320,Dioscorea trifida,Guadeloupe,CIRAD320,,16.2528827,-61.5686855,,,,,,,,,,,,,,,,,,,,,,,
3-45 (Astraïama),CIRAD321,Dioscorea trifida,Guadeloupe,CIRAD321,,16.2528827,-61.5686855,,,,,,,,,,,,,,,,,,,,,,,
CIT_112_001,CIRAD322,Dioscorea rotundata,Togo,CIRAD322,,8.7800265,1.0199765,,,,,,,,,,,,,,,,,,,,,,,
CIT_93_001,CIRAD323,Dioscorea rotundata,Togo,CIRAD323,,8.7800265,1.0199765,,,,,,,,,,,,,,,,,,,,,,,
CIT_93_002,CIRAD324,Dioscorea rotundata,Togo,CIRAD324,,8.7800265,1.0199765,,,,,,,,,,,,,,,,,,,,,,,
CIT_93_003,CIRAD325,Dioscorea rotundata,Togo,CIRAD325,,8.7800265,1.0199765,,,,,,,,,,,,,,,,,,,,,,,
CIT_93_004,CIRAD326,Dioscorea rotundata,Togo,CIRAD326,,8.7800265,1.0199765,,,,,,,,,,,,,,,,,,,,,,,
Fatimandé,CIRAD327,Dioscorea rotundata,Togo,CIRAD327,,8.7800265,1.0199765,,,,,,,,,,,,,,,,,,,,,,,
