variete_name,description,photo_bytea
74F,Tubercule forme,CIRAD_121.JPG
TiViolet - H4x105,Tubercule chair,42a57801aa8b3cca8ebd8f8921acc8861701371911.JPG
14M,Tubercule forme,CIRAD_120.JPG
14M,Tubercule chair,e3b1b4289f5d0f6c652ed0b53d0f3ac51713886171.JPG
74F,Tubercule chair,925d2853b09a23d4b525104b3fb26c3e1713886536.JPG
74F,Feuille adaxiale,6dc14181de269f2c2cc831eb1cc4298b1713886594.JPG
74F,Feuille abaxiale,9fd0551ea4ba5cfcf1eb4e2db764c8b51713886636.JPG
74F,Pétiole,5260d4a1658cda757255bdfba4d5b5911713886834.JPG
74F,Tige,0bff2021fc6659c05547906ee50c7f271713886886.JPG
Dou - H4x431,Tubercule forme,9b54d7c21aff42049ddaf2fe959063781713886990.JPG
TiViolet - H4x105,Tubercule forme,CIRAD_172.JPG
TiViolet - H4x105,Feuille adaxiale,3da5c2a6148beae5c37d9af43fb06d131713887470.JPG
TiViolet - H4x105,Feuille abaxiale,d1b683880cbc09ca3664a481ef7f519c1713887503.JPG
Dou - H4x431,Feuille adaxiale,45b93704e1e1117444c456cb3ec4c27e1724969019.JPG
Dou - H4x431,Feuille abaxiale,9c2342bec9037034f9f8896220a919a41724969203.JPG
Dou - H4x431,Pétiole,57b1f5dd07fe8c42a336b3863e1df5681724969241.JPG
Dou - H4x431,Tige,a6b5fa091e5e327d4e0b4e7557e36d5f1724969265.JPG
Dou - H4x431,Plante entiere jeune,19946be017bbf272417dc3a8ba33e5221724969607.JPG
4830,Feuille adaxiale,83611c65ed2e52b48494237393905bab1725023106.JPG
4830,Feuille abaxiale,5bafb0dde91952e1e0d18c6ceac3cb161725023186.JPG
4830,Pétiole,84e4823564c7357a8a68bfdf62e3958b1725023313.JPG
4830,Tige,560b77204be10bcbd96cbe3de4d5c9001725023408.JPG
4830,Plante entiere jeune,54ab1d52fb600f02eb32c324da04d1541725023520.JPG
3150,Feuille adaxiale,607750fc7d41a4be7b22539661f4784d1725025520.JPG
3150,Pétiole,7e9aa922c6b25f8dca8685ac3eda3d301725025818.JPG
3150,Tige,d89454c8808871f2905715fa407336321725025868.JPG
2861,Tubercule forme,59b1b5248f1c6112d37bb96166f9a0191725026379.JPG
2861,Tubercule chair,59b1b5248f1c6112d37bb96166f9a0191725026429.JPG
2861,Feuille adaxiale,29d13bf82db63c9170fc2dc0a901358f1725026536.JPG
2861,Feuille abaxiale,284bfa8ddf8c846c1f8a93a3892b862c1725026572.JPG
2861,Pétiole,e446fb6fa0a1d2ee2cd11b1240fb1eb91725026630.JPG
2861,Tige,7f8b308c2e369c2c45c2d715b12bd46b1725026667.JPG
2861,Plante entiere jeune,59b1b5248f1c6112d37bb96166f9a0191725026763.JPG
Kabusa,Feuille adaxiale,98711a7c5fe4331bd5742da1c63bebf71725027361.JPG
Kabusa,Feuille abaxiale,5c8d2e1656f9ccee4f356a62ef51be691725027399.JPG
Kabusa,Pétiole,198e52121a90a6b0614ab6db753e59ab1725027441.JPG
Kabusa,Tige,31adab90d358aa3a7dc49352c87cc0d41725027475.JPG
Kabusa,Plante entiere jeune,a611466c4b3124cd9c395346ab79696b1725027560.JPG
H4X-200 (Rosette),Feuille adaxiale,2d9cebe961c732cb0c471ff3abe0d3ff1725027944.JPG
H4X-200 (Rosette),Feuille abaxiale,a58f2edbc93aa5b85470cb0a44cb29201725027982.JPG
H4X-200 (Rosette),Pétiole,9fd02364e48205c44208ccdc778863ca1725028014.JPG
H4X-200 (Rosette),Tige,622f0351a948b45e7d76b1c234c207731725028116.JPG
Tana,Feuille adaxiale,85671a6d252cb9b142959740a24c40161725031176.JPG
Tana,Feuille abaxiale,353aad5421e3a59f6a894f03159efba61725031204.JPG
Tana,Pétiole,766c7a3322866ce2af6dc25893bcf4241725031229.JPG
Tana,Tige,9cbfc7c852f4e8701173237c5ffb76541725031273.JPG
"Noulelcae, CT198",Feuille adaxiale,c73a9fe66491ebc75aff9ce35de129311725031867.JPG
"Noulelcae, CT198",Feuille abaxiale,28e8bba78ff92ebdc5625d9abe4857101725031914.JPG
"Noulelcae, CT198",Pétiole,302bd1567649378f708d4e93e4f9ffa01725031971.JPG
"Noulelcae, CT198",Tige,4a91b04acb3493d40ef625ba62092b621725032071.JPG
1414,Feuille adaxiale,5dd882203408c39d9ea99e3b05ca2f091725032250.JPG
1414,Feuille abaxiale,d77630e8e1e9ccb4a499713ea715da0e1725032287.JPG
1414,Pétiole,13d647ea13d0bc0fe987d278c61239ea1725032322.JPG
1414,Tige,dcef66ac215bd9e8c4e3535e458b280b1725032394.JPG
CIR-B185,Feuille adaxiale,585d04d5314aea8d13c5efde37e994571725458138.JPG
CIR-B185,Feuille abaxiale,8e28c05a2abb907c20e1e240687e3cbf1725458163.JPG
CIR-B185,Pétiole,d58310184fa88fa6c9c0c7493437db0a1725458224.JPG
CIR-B185,Tige,e9f637d171be0fe103905242b10d1fd81725458276.JPG
Evolution,Tubercule forme,8933d08d8c1e403ade7c5909bc6abdb81725458647.JPG
Evolution,Tubercule chair,8933d08d8c1e403ade7c5909bc6abdb81725458705.JPG
Evolution,Plante entiere jeune,5826da42d81d9563a3977278f4031b371725458999.JPG
14M,Plante entiere jeune,f31a6f5c64b192c7e3e203c3752962981725892799.JPG
1185,Plante entiere adulte,e91ae03a343d171f9569f23f2701cbd61727706116.JPG
2841,Tubercule forme,4009c34cf84121bd89d48641c98afcb61727708788.JPG
2841,Tubercule chair,4009c34cf84121bd89d48641c98afcb61727708803.JPG
2848,Tubercule forme,4611b5f43a3a9a4e9607d6eda4df60b91727711621.JPG
2848,Tubercule chair,4611b5f43a3a9a4e9607d6eda4df60b91727711668.JPG
2852,Tubercule forme,faa0cf900a02b105b9391180faae45651727711729.JPG
2852,Tubercule chair,3a55f4045d9a71d9c69e7788b25ba6131727711885.JPG
3168,Tubercule forme,3688f4bd648df884ece975bda0ff4ac71727711929.JPG
3168,Tubercule chair,3688f4bd648df884ece975bda0ff4ac71727712502.JPG
3187,Tubercule forme,3d20b0d62f94d21ea647cf7e1eac9d391727712554.JPG
3187,Tubercule chair,3d20b0d62f94d21ea647cf7e1eac9d391727712577.JPG
3753,Tubercule forme,46967f104bbaa331f0aa10b795f543b21727712720.JPG
3753,Tubercule chair,46967f104bbaa331f0aa10b795f543b21727712761.JPG
3764,Tubercule forme,f508e19ab5095a27c404fa3b35f7ea3f1727712990.JPG
3764,Tubercule chair,f508e19ab5095a27c404fa3b35f7ea3f1727713016.JPG
3920,Tubercule forme,3e80740b7a137fcc253f9ba5a85d259f1727713056.JPG
3920,Tubercule chair,3e80740b7a137fcc253f9ba5a85d259f1727713081.JPG
4113,Tubercule forme,13da492fb4767680b9f6e9c71cd212171727713130.JPG
4144,Tubercule forme,7182458830bdc25f2d95ea45ad79d2941727790122.JPG
4144,Tubercule chair,7182458830bdc25f2d95ea45ad79d2941727790165.JPG
4838,Tubercule forme,b256e8045da762de005f44bb5dab0bc81727790277.JPG
4838,Tubercule chair,b256e8045da762de005f44bb5dab0bc81727790312.JPG
4926,Tubercule forme,bfe0d5d1c8d784a5a5ec4c0cd5ee728f1727790433.JPG
4926,Tubercule chair,bfe0d5d1c8d784a5a5ec4c0cd5ee728f1727790595.JPG
4948,Tubercule forme,5a095b7510d999e6e49c15d41b9f9be01727790637.JPG
4948,Tubercule chair,5a095b7510d999e6e49c15d41b9f9be01727790659.JPG
3915,Tubercule forme,0cc76a8333f8cd92733832fb5a004f291727790698.JPG
4048,Tubercule forme,d0a2e7c3d72fadf822a81135e5981e4b1727790818.JPG
4048,Tubercule forme,d0a2e7c3d72fadf822a81135e5981e4b1727790834.JPG
4048,Tubercule chair,d0a2e7c3d72fadf822a81135e5981e4b1727790867.JPG
3915,Tubercule chair,bb6adc6ae3265454bbb514f0a3408fac1727790916.JPG
4126,Tubercule forme,36c34b687793116b14081d54722387771727791043.JPG
4126,Tubercule chair,36c34b687793116b14081d54722387771727791082.JPG
3128,Tubercule forme,48473d26db45f2609cb1aa09ef0a0d761727791391.JPG
3135,Tubercule forme,273c2a9748d274054e2d14327d34b3601727791623.JPG
3916,Tubercule forme,fb4c0fdf2317f3819e8e2c1b5f2817ea1727793284.JPG
3916,Tubercule chair,fb4c0fdf2317f3819e8e2c1b5f2817ea1727794140.JPG
4128,Tubercule forme,32b724e186b1ab9750cb449e0250385b1727794269.JPG
4128,Tubercule chair,32b724e186b1ab9750cb449e0250385b1727794297.JPG
4639,Tubercule forme,2c50be1c825294dda508808bd04711d31727872531.JPG
4639,Tubercule chair,2c50be1c825294dda508808bd04711d31727872556.JPG
5088,Tubercule forme,f5b7e4f3fc12930d80bda0f5c67744ed1727872618.JPG
5088,Tubercule chair,f5b7e4f3fc12930d80bda0f5c67744ed1727872655.JPG
1006,Tubercule forme,1eb157d0c5f05044c1bb211131fa0a6b1727961100.JPG
1006,Tubercule chair,1eb157d0c5f05044c1bb211131fa0a6b1727961108.JPG
1221,Tubercule forme,188fc3124e44f72921cf7a3a0f61c37b1727963106.JPG
1221,Tubercule chair,188fc3124e44f72921cf7a3a0f61c37b1727963118.JPG
1186,Tubercule forme,88889f719e3da3726580adc8a7f69b661727963168.JPG
1186,Tubercule chair,88889f719e3da3726580adc8a7f69b661727963181.JPG
3132,Tubercule forme,f6bc6eb5af56252f35d4ac6537b7ad811727963458.JPG
3132,Tubercule chair,ce693b8e0bf9131ba1ee7269550f5ed41727963485.JPG
3203,Tubercule forme,64ae8e4e6a63b1c965f358a2d1f6f85e1727963518.JPG
3203,Tubercule chair,64ae8e4e6a63b1c965f358a2d1f6f85e1727963527.JPG
3762,Tubercule forme,8322074b9e6de732a544125bb2dfde5f1727963546.JPG
3762,Tubercule chair,8322074b9e6de732a544125bb2dfde5f1727963554.JPG
4929,Tubercule forme,8bfac8ce8e0bb09ab33fc5391c7fd3001727963574.JPG
4929,Tubercule chair,8bfac8ce8e0bb09ab33fc5391c7fd3001727963584.JPG
4042,Tubercule forme,3cdda50655bb7e26730aff7b6d0fa4e61727963696.JPG
4042,Tubercule chair,3487835a5433228e9ae67ab7a8787cb81727963718.JPG
1326,Tubercule forme,ec821b837d97983c5cb3c81b7da9ac211727963786.JPG
1326,Tubercule chair,ec821b837d97983c5cb3c81b7da9ac211727963797.JPG
1467,Tubercule forme,c887f83bc9c0c9df7f7fd173a858ad3f1727963819.JPG
1467,Tubercule chair,c887f83bc9c0c9df7f7fd173a858ad3f1727963828.JPG
3150,Tubercule forme,23a8c888bff2f06f9ec26f5da4d6d9631727963879.JPG
3150,Tubercule chair,23a8c888bff2f06f9ec26f5da4d6d9631727963899.JPG
4678,Tubercule forme,4b733e9714da30936f5f0d25b3282b531727963920.JPG
4678,Tubercule chair,4b733e9714da30936f5f0d25b3282b531727963931.JPG
1414,Tubercule forme,f6fbc7c0f3a93f1559934763364a80bd1727964013.JPG
1414,Tubercule chair,f6fbc7c0f3a93f1559934763364a80bd1727964024.JPG
1475,Tubercule forme,6a30c3e999186df1d5422c622a1dd4791727964042.JPG
1475,Tubercule chair,6a30c3e999186df1d5422c622a1dd4791727964051.JPG
1247,Tubercule forme,4345c9946e902d3b1e159675f5da57e91727964077.JPG
1247,Tubercule chair,4345c9946e902d3b1e159675f5da57e91727964091.JPG
1185,Tubercule forme,9a0640745d8ff6a67307a0a109e7562e1727964158.JPG
1185,Tubercule chair,9a0640745d8ff6a67307a0a109e7562e1727964171.JPG
2842,Tubercule forme,9378f2453b18c42eab669abba41cafe41727964202.JPG
2842,Tubercule chair,9378f2453b18c42eab669abba41cafe41727964209.JPG
4890,Tubercule forme,e129b5fb0ec77e8e66689be86c3e02211727964235.JPG
4890,Tubercule chair,e129b5fb0ec77e8e66689be86c3e02211727964245.JPG
4941,Tubercule forme,ded6b235da25b15520971f6a9d9780121727964266.JPG
4941,Tubercule chair,ded6b235da25b15520971f6a9d9780121727964276.JPG
5080,Tubercule forme,e3f0c0a724a4d274ba8aad0153a484551727964294.JPG
5080,Tubercule chair,e3f0c0a724a4d274ba8aad0153a484551727964306.JPG
3805,Tubercule forme,cb655f42b29d7728c906a7b0a52033ea1727964332.JPG
3805,Tubercule chair,cb655f42b29d7728c906a7b0a52033ea1727964341.JPG
4830,Tubercule forme,54ab1d52fb600f02eb32c324da04d1541727964405.JPG
4830,Tubercule chair,54ab1d52fb600f02eb32c324da04d1541727964414.JPG
4878,Tubercule forme,06e56036ddd075b20bfacd5fa1d2b8fb1727964434.JPG
4878,Tubercule chair,06e56036ddd075b20bfacd5fa1d2b8fb1727964441.JPG
4950,Tubercule forme,d6ff474d8c17aad11d347a3f602924aa1727964464.JPG
4950,Tubercule chair,d6ff474d8c17aad11d347a3f602924aa1727964472.JPG
5140,Tubercule forme,c5f4a43527c8b98619691e62ac9404f21727964509.JPG
5140,Tubercule chair,c5f4a43527c8b98619691e62ac9404f21727964520.JPG
3121,Tubercule forme,6d1290a70c998b1af0803d36b17a8bf11727964543.JPG
4823,Tubercule forme,3379b9fadf7c0c22ba361c3cfacf3ada1727964565.JPG
4823,Tubercule chair,3379b9fadf7c0c22ba361c3cfacf3ada1727964574.JPG
2562,Tubercule forme,b881e7aa99827b926a1b0e540785cde91727964595.JPG
2562,Tubercule chair,b881e7aa99827b926a1b0e540785cde91727964605.JPG
5146,Tubercule forme,617b3a9f3257dfe2869c741f75fcc0ae1727964632.JPG
5146,Tubercule chair,617b3a9f3257dfe2869c741f75fcc0ae1727964641.JPG
3264,Tubercule forme,8d84318a806f7ff7c5d7f58ba499b9ea1727964669.JPG
3264,Tubercule chair,8d84318a806f7ff7c5d7f58ba499b9ea1727964687.JPG
3702,Tubercule forme,149ce810903642d855917a1f66b4dd4a1727964967.JPG
3702,Tubercule chair,149ce810903642d855917a1f66b4dd4a1727964974.JPG
3754,Tubercule forme,b73539616e0e2bb188451c50187e4d5f1727966534.JPG
3754,Tubercule chair,b73539616e0e2bb188451c50187e4d5f1727966540.JPG
3912,Tubercule forme,27eec18af5e2fde6ba496c98eed83fb81727966559.JPG
3912,Tubercule chair,27eec18af5e2fde6ba496c98eed83fb81727966569.JPG
AIA 445,Tubercule forme,d74d1da35d20c081c0a9fd1353df29021727966638.JPG
AIA 445,Tubercule chair,d74d1da35d20c081c0a9fd1353df29021727966644.JPG
DA 27,Tubercule forme,f2ba15fa3db0b08e285c9ae679f83daf1727968593.JPG
DA 27,Tubercule chair,f2ba15fa3db0b08e285c9ae679f83daf1727968601.JPG
Brésil 1,Tubercule forme,344465cde9cf7f3ee120f32525433a361727968627.JPG
Brésil 1,Tubercule chair,344465cde9cf7f3ee120f32525433a361727968635.JPG
St Domingue,Tubercule forme,7673c5e573168d50fd5aa059e2c74bec1727971454.JPG
St Domingue,Tubercule chair,7673c5e573168d50fd5aa059e2c74bec1727971461.JPG
Bacala 2,Tubercule forme,c7f44a923bf94efab70be225f92a13f71727971575.JPG
Bacala 2,Tubercule chair,c7f44a923bf94efab70be225f92a13f71727971583.JPG
De agua,Tubercule forme,f775012adc1b5102996d5b4651015b731727971615.JPG
De agua,Tubercule chair,f775012adc1b5102996d5b4651015b731727971626.JPG
St Vincent Violet,Tubercule forme,ae8be5c474e30fed9372aacade742e1e1727971650.JPG
St Vincent Violet,Tubercule chair,ae8be5c474e30fed9372aacade742e1e1727971658.JPG
Buet,Tubercule forme,f5ae24b83c3612c00bd9010dae44ffcb1727971679.JPG
Buet,Tubercule chair,f5ae24b83c3612c00bd9010dae44ffcb1727971688.JPG
Bacala 1,Tubercule forme,c707ded4a60bb9ee8b50667a000c74081727971717.JPG
Bacala 1,Tubercule chair,c707ded4a60bb9ee8b50667a000c74081727971725.JPG
Wénéféla bis,Tubercule forme,216d7567e98687347d3aa1fdef897ff11727971754.JPG
Wénéféla bis,Tubercule chair,216d7567e98687347d3aa1fdef897ff11727971763.JPG
Purple Lisbon,Tubercule forme,23cbed1ffba2949aca5c7e02863b652a1727972596.JPG
Purple Lisbon,Tubercule chair,23cbed1ffba2949aca5c7e02863b652a1727972606.JPG
Toro,Tubercule forme,4dd468bd8c3c318f740f5f2928f586921727972627.JPG
Toro,Tubercule chair,4dd468bd8c3c318f740f5f2928f586921727972636.JPG
Tahiti messien,Tubercule forme,81fad8fb93fd59e8ec5e7cfdadae1d1f1727972664.JPG
Tahiti messien,Tubercule chair,81fad8fb93fd59e8ec5e7cfdadae1d1f1727972673.JPG
Ti Joseph 1,Tubercule forme,e1dabe3edf4dec6af9871c35d7c5f5be1727972740.JPG
Ti Joseph 1,Tubercule chair,e1dabe3edf4dec6af9871c35d7c5f5be1727972745.JPG
St Martin,Tubercule forme,65dff4230c6b567ad4b158be5036ad551727972763.JPG
St Martin,Tubercule chair,65dff4230c6b567ad4b158be5036ad551727972768.JPG
A 19,Tubercule forme,b69568c27cec941d23b43643d9a5d6141727972782.JPG
A 19,Tubercule chair,b69568c27cec941d23b43643d9a5d6141727972787.JPG
Wabé,Tubercule forme,40fc16a152946cdab8f4183a67cdcba21727972804.JPG
Wabé,Tubercule chair,40fc16a152946cdab8f4183a67cdcba21727972811.JPG
Tana,Tubercule forme,864fc70c21b82c76c22d8753b87a43c11727972825.JPG
Tana,Tubercule chair,864fc70c21b82c76c22d8753b87a43c11727972831.JPG
61F,Tubercule forme,983ee9ef17cdaf3db949741902f10f671727972884.JPG
61F,Tubercule chair,983ee9ef17cdaf3db949741902f10f671727972890.JPG
MALALAGI (VU 639),Tubercule forme,5c1431f69530b03e80f7bccf412d16941727972921.JPG
MALALAGI (VU 639),Tubercule chair,5c1431f69530b03e80f7bccf412d16941727972926.JPG
A 14,Tubercule forme,885a9377377f1305109ebf1aeb92939d1727973059.JPG
A 14,Tubercule chair,885a9377377f1305109ebf1aeb92939d1727973066.JPG
A 17,Tubercule forme,787d7a2b2f5e1b2a2a663e394596a92b1727973090.JPG
A 17,Tubercule chair,787d7a2b2f5e1b2a2a663e394596a92b1727973097.JPG
A 2,Tubercule forme,b8823a5c254f095a513d695eeea1200a1727973115.JPG
A 2,Tubercule chair,b8823a5c254f095a513d695eeea1200a1727973123.JPG
A 21,Tubercule forme,04ec3ed21ca51317ae58a1caf227b10f1727973143.JPG
A 21,Tubercule chair,04ec3ed21ca51317ae58a1caf227b10f1727973150.JPG
A 22,Tubercule forme,c0f89dfaaeef14ba35585614b4d9fdc11727973167.JPG
A 22,Tubercule chair,c0f89dfaaeef14ba35585614b4d9fdc11727973173.JPG
A 24,Tubercule forme,7a894c93dba90420ee54a9c887df26d21727974399.JPG
A 24,Tubercule chair,7a894c93dba90420ee54a9c887df26d21727974405.JPG
A 6,Tubercule forme,de19e357f5110c99e5208c5310c6d37a1727974423.JPG
A 6,Tubercule chair,de19e357f5110c99e5208c5310c6d37a1727974429.JPG
A 9,Tubercule forme,0cefb9c3186868e85a100fe76debc0a21727974444.JPG
A 9,Tubercule chair,0cefb9c3186868e85a100fe76debc0a21727974450.JPG
Belep,Tubercule forme,96fa689f9e450b78a5239ef807b579fd1727974466.JPG
Belep,Tubercule chair,96fa689f9e450b78a5239ef807b579fd1727974472.JPG
Bete Bete,Tubercule forme,7b41ee911205968193680f3f554644ed1727974490.JPG
Bete Bete,Tubercule chair,7b41ee911205968193680f3f554644ed1727974495.JPG
Boutou,Tubercule forme,a85fcd2543bf0cd7861b1fba2829bf0f1727974515.JPG
Boutou,Tubercule chair,a85fcd2543bf0cd7861b1fba2829bf0f1727974520.JPG
Caplaou,Tubercule forme,67f8fcebc451db3106441301c29040941727974538.JPG
Caplaou,Tubercule chair,67f8fcebc451db3106441301c29040941727974544.JPG
Cinq,Tubercule forme,4cd009df92c60b7a58a0e815b240a5fa1727974559.JPG
Cinq,Tubercule chair,4cd009df92c60b7a58a0e815b240a5fa1727974565.JPG
Divin,Tubercule forme,bb826d0ca4558bd3726fc6add77873191727974581.JPG
Divin,Tubercule chair,bb826d0ca4558bd3726fc6add77873191727974586.JPG
Dou - H4x431,Tubercule chair,95f39d4aa24c145cc76825244c9141051727974613.JPG
Fénakué,Tubercule forme,d2c0581956f73e0de88c17b05710a31d1727974646.JPG
Fénakué,Tubercule chair,d2c0581956f73e0de88c17b05710a31d1727974653.JPG
Florido,Tubercule forme,5ae768116774de111ce33e61890cc8b91727974707.JPG
Florido,Tubercule chair,5ae768116774de111ce33e61890cc8b91727974715.JPG
Goana,Tubercule forme,725c58ad568f506b737c6b53e34dc57a1727974733.JPG
Goana,Tubercule chair,725c58ad568f506b737c6b53e34dc57a1727974739.JPG
Gordito,Tubercule forme,e43bbfa1aee4a370db9082c1ead2baf51727974756.JPG
Gordito,Tubercule chair,e43bbfa1aee4a370db9082c1ead2baf51727974765.JPG
Grand Etang,Tubercule forme,3f3c9b2e9f26a595dd488a67f51e158d1727974781.JPG
Grand Etang,Tubercule chair,3f3c9b2e9f26a595dd488a67f51e158d1727974787.JPG
Grosse caille 3 mois,Tubercule forme,4bac55b72c8d1ec7a898c399f43f45711727975523.JPG
Grosse caille 3 mois,Tubercule chair,4bac55b72c8d1ec7a898c399f43f45711727975529.JPG
"H4X131, Cirabel",Tubercule forme,4ba9af987e919b8c01cfdd2d353dbac41727975548.JPG
"H4X131, Cirabel",Tubercule chair,4ba9af987e919b8c01cfdd2d353dbac41727975553.JPG
"H4X172, KREOLINE",Tubercule forme,76d8e841f6486f74da74034333ad75091727975576.JPG
"H4X172, KREOLINE",Tubercule chair,76d8e841f6486f74da74034333ad75091727975581.JPG
"H4X274, Ticoli",Tubercule forme,4ba1fca1d4415c4ab0dbbb65ad66661b1727975632.JPG
"H4X274, Ticoli",Tubercule chair,4ba1fca1d4415c4ab0dbbb65ad66661b1727975638.JPG
HYB 30,Tubercule forme,aa1de58c6d49dcc729fb1934350521d41727975653.JPG
HYB 30,Tubercule chair,aa1de58c6d49dcc729fb1934350521d41727975659.JPG
HYB 5,Tubercule forme,ae41cdbb919a4bc128b5f2ffec2677921727975674.JPG
HYB 5,Tubercule chair,ae41cdbb919a4bc128b5f2ffec2677921727975679.JPG
HYB 6,Tubercule forme,67d5ed319f6d2ea97ff088407af68e271727975702.JPG
HYB 6,Tubercule chair,67d5ed319f6d2ea97ff088407af68e271727975711.JPG
Igname Jaune,Tubercule forme,ab2ef202c80736491a2c4a8146e571641727975741.JPG
Igname Jaune,Tubercule chair,ab2ef202c80736491a2c4a8146e571641727975746.JPG
INRA X 154,Tubercule forme,ef4760ebfb8a1bc5db3770d0b943214a1727975765.JPG
INRA X 154,Tubercule chair,ef4760ebfb8a1bc5db3770d0b943214a1727975770.JPG
INRA15,Tubercule forme,53bf11734776e22d326c8bbfc74344941727975789.JPG
INRA15,Tubercule chair,53bf11734776e22d326c8bbfc74344941727975795.JPG
Kabusa,Tubercule forme,a611466c4b3124cd9c395346ab79696b1727975829.JPG
Kabusa,Tubercule chair,a611466c4b3124cd9c395346ab79696b1727975836.JPG
Kinabayo,Tubercule forme,d98ae7fc4cde89d5d4f03a55ee78e05f1727975859.JPG
Kinabayo,Tubercule chair,d98ae7fc4cde89d5d4f03a55ee78e05f1727975866.JPG
KL 21,Tubercule forme,7d12f0777c4dc1c106847cb592a724bd1727975884.JPG
KL 21,Tubercule chair,7d12f0777c4dc1c106847cb592a724bd1727975891.JPG
Manlankon,Tubercule forme,cffed31124f6876099008cf21b173f7e1727975972.JPG
Manlankon,Tubercule chair,cffed31124f6876099008cf21b173f7e1727975979.JPG
MP1 16H56,Tubercule forme,51ab2b908c02225df433480413badab81727976054.JPG
MP1 16H56,Tubercule chair,51ab2b908c02225df433480413badab81727976059.JPG
"Noulelcae, CT198",Tubercule forme,bd6aefc77577905ec144c65c7cdf2bd51727976277.JPG
"Noulelcae, CT198",Tubercule chair,bd6aefc77577905ec144c65c7cdf2bd51727976284.JPG
"Nureangdan, CT202",Tubercule forme,0b1411e8a70148f8ffc51950492783571727976301.JPG
"Nureangdan, CT202",Tubercule chair,0b1411e8a70148f8ffc51950492783571727976307.JPG
Oriental,Tubercule forme,74db2bc2c05cc630f8cef76981660a3e1727976322.JPG
Oriental,Tubercule chair,74db2bc2c05cc630f8cef76981660a3e1727976327.JPG
Pacala,Tubercule forme,7c8f47c5806d9b5b0de9a5a2077e453c1727976340.JPG
Pacala,Tubercule chair,7c8f47c5806d9b5b0de9a5a2077e453c1727976345.JPG
Pakutrany,Tubercule forme,6bce68fae90b67c1ce7f77e94b8b99781727976368.JPG
Pakutrany,Tubercule chair,6bce68fae90b67c1ce7f77e94b8b99781727976373.JPG
"Peter, CT177",Tubercule forme,835492ac556cfc08db1cdc312f1756ae1727976391.JPG
"Peter, CT177",Tubercule chair,835492ac556cfc08db1cdc312f1756ae1727976403.JPG
Plimbite,Tubercule forme,687306d9d58b2b694f8f99a2d01471211727976423.JPG
Plimbite,Tubercule chair,687306d9d58b2b694f8f99a2d01471211727976428.JPG
"Ptris, CT133",Tubercule forme,c45f815436a6876c0343466ad2e0532f1727976453.JPG
"Ptris, CT133",Tubercule chair,c45f815436a6876c0343466ad2e0532f1727976459.JPG
Pyramide,Tubercule forme,08ea69a01357a28a7c2317fff3cdee2c1727976479.JPG
Pyramide,Tubercule chair,08ea69a01357a28a7c2317fff3cdee2c1727976484.JPG
Roujol - H4x242,Tubercule forme,36d31749a44157173b71435b3895fe1d1727976503.JPG
Roujol - H4x242,Tubercule chair,36d31749a44157173b71435b3895fe1d1727976508.JPG
Sea 190,Tubercule forme,63ad034da56f88ec6f7aa918958595421727976528.JPG
Sea 190,Tubercule chair,63ad034da56f88ec6f7aa918958595421727976541.JPG
Sinoua CT160,Tubercule forme,69aee87b5a1b5f45503ae2986406e9561727976561.JPG
Sinoua CT160,Tubercule chair,69aee87b5a1b5f45503ae2986406e9561727976568.JPG
St Vincent blanc,Tubercule forme,a799c920201a1c876aea4f012668bdb71727976583.JPG
St Vincent blanc,Tubercule chair,a799c920201a1c876aea4f012668bdb71727976591.JPG
Toki (SEA 119),Tubercule forme,8810290a906bde65aced9d37d16ebbbf1727976646.JPG
Toki (SEA 119),Tubercule chair,8810290a906bde65aced9d37d16ebbbf1727976652.JPG
"Toufi Tetea, CT148",Tubercule forme,4f544c9a54e4f0d4a409edaf1fbbcb2e1727976719.JPG
"Toufi Tetea, CT148",Tubercule chair,4f544c9a54e4f0d4a409edaf1fbbcb2e1727976725.JPG
Wassa,Tubercule forme,52272f594833ca5cf82d0666f8f516ca1727976745.JPG
Wassa,Tubercule chair,52272f594833ca5cf82d0666f8f516ca1727976751.JPG
KARUKERA,Tubercule forme,b330500f00cb84ed0082b5bbc3e372811727976864.JPG
KARUKERA,Tubercule chair,b330500f00cb84ed0082b5bbc3e372811727976868.JPG
DESIRABLE,Tubercule forme,e57aa19ec14d64d1b479fe9ccdb832e61727976883.JPG
DESIRABLE,Tubercule chair,e57aa19ec14d64d1b479fe9ccdb832e61727976890.JPG
TROPICAL,Tubercule forme,14ce992ef7e199b369cef7df605591d61727976903.JPG
TROPICAL,Tubercule chair,14ce992ef7e199b369cef7df605591d61727976908.JPG
REGIONAL,Tubercule forme,475a8028316b56513a2ca0a91c166cfb1727976921.JPG
REGIONAL,Tubercule chair,475a8028316b56513a2ca0a91c166cfb1727976926.JPG
DEFI,Tubercule forme,d1eecbbfe517bb1174b1a96c40dd075f1727976940.JPG
DEFI,Tubercule chair,d1eecbbfe517bb1174b1a96c40dd075f1727976944.JPG
C5,Tubercule forme,5f68b55c2d13edf4652d3d4c0a691d711727976962.JPG
C5,Tubercule chair,5f68b55c2d13edf4652d3d4c0a691d711727976967.JPG
CIR-B037,Tubercule forme,f0a4e5d126e01c6cc3aff7ef1a936d5e1727977007.JPG
CIR-B037,Tubercule chair,f0a4e5d126e01c6cc3aff7ef1a936d5e1727977016.JPG
CIR-B051,Tubercule forme,26f615fb55cec0474b7afb53e606ad8e1727977031.JPG
CIR-B051,Tubercule chair,26f615fb55cec0474b7afb53e606ad8e1727977036.JPG
CIR-B120,Tubercule forme,b02b04b32a02c6a85edbff54b00b826f1727977071.JPG
CIR-B120,Tubercule chair,b02b04b32a02c6a85edbff54b00b826f1727977079.JPG
CIR-B016,Tubercule forme,48d8ac01eb4e71fbf5289b02eb5ca66e1727977108.JPG
CIR-B016,Tubercule chair,48d8ac01eb4e71fbf5289b02eb5ca66e1727977115.JPG
CIR-B202,Tubercule forme,c37b4b348a4ea9091d7a6c064fd6159c1727977132.JPG
CIR-B202,Tubercule chair,c37b4b348a4ea9091d7a6c064fd6159c1727977139.JPG
CIR-B185,Tubercule forme,d10ba9e278e70664eb19adaa5ed1618f1727977157.JPG
CIR-B185,Tubercule chair,d10ba9e278e70664eb19adaa5ed1618f1727977163.JPG
CIR-B214,Tubercule forme,e3889ac2ad3b685e3afd9fe3603ed4a81727977223.JPG
CIR-B214,Tubercule chair,e3889ac2ad3b685e3afd9fe3603ed4a81727977228.JPG
CIR-B151,Tubercule forme,534c745731e75502b6c59508abae5c771727977241.JPG
CIR-B151,Tubercule chair,534c745731e75502b6c59508abae5c771727977246.JPG
4938,Tubercule forme,bca9567a7db0b64cd7ac2d6c44e852881727977265.JPG
4938,Tubercule chair,bca9567a7db0b64cd7ac2d6c44e852881727977270.JPG
3253,Tubercule forme,fbfa752d0d1db83054ada802eecee5d01727977284.JPG
3253,Tubercule chair,fbfa752d0d1db83054ada802eecee5d01727977290.JPG
CIR-B244,Tubercule forme,2d6f7026037b273f798aa041dabed6431727977309.JPG
CIR-B244,Tubercule chair,2d6f7026037b273f798aa041dabed6431727977315.JPG
Ruby,Tubercule forme,7faef212a6d47f552f09dfe28b48137c1727977363.JPG
Ruby,Tubercule chair,7faef212a6d47f552f09dfe28b48137c1727977369.JPG
Ado,Tubercule forme,5d908a5af9586553d4ebdbd31b09c8081727977383.JPG
Ado,Tubercule chair,5d908a5af9586553d4ebdbd31b09c8081727977388.JPG
Gemma,Tubercule forme,b4f3201a3342af97645bd351718bad211727977525.JPG
Gemma,Tubercule chair,b4f3201a3342af97645bd351718bad211727977531.JPG
Elie,Tubercule forme,cf2ba037823e5acfea0db85c78c7e70d1727977551.JPG
Elie,Tubercule chair,cf2ba037823e5acfea0db85c78c7e70d1727977556.JPG
Hana,Tubercule forme,adea4e8446b65bd1e88218d479e333ce1727977584.JPG
Hana,Tubercule chair,cbbf42408193be9594bf12e28d13f4561727977633.JPG
Gwadikera,Tubercule forme,5a2280a00228bc6f30f146348d01a32e1727977672.JPG
Gwadikera,Tubercule chair,5a2280a00228bc6f30f146348d01a32e1727977676.JPG
CRB68-bis,Tubercule forme,714b6db4dfc1d341394ccdcda0be5a5c1727977689.JPG
CRB68-bis,Tubercule chair,714b6db4dfc1d341394ccdcda0be5a5c1727977694.JPG
CIRAD217,Tubercule forme,9df778af1aaccbd5d23c9cdd417593b71727977708.JPG
CIRAD217,Tubercule chair,9df778af1aaccbd5d23c9cdd417593b71727977713.JPG
14M,Feuille adaxiale,3365393a5683236a051379019a3a239e1729178050.jpg
2848,Feuille adaxiale,3ba70ddc2c0e1dedf561720243b60c1c1729256555.JPG
2848,Feuille abaxiale,78e0dc58c146a912da2314b482a7aa1c1729256607.JPG
2848,Pétiole,caec8fe40118dbe9dfed1246d14b8f6d1729256660.JPG
2848,Tige,355bce74cfa77e65cbc61e83cf6a33cd1729256789.JPG
1467,Feuille adaxiale,29fc5b532c97d0ba3a1223108cbc8e0d1729261054.JPG
1467,Feuille abaxiale,b4c7cf01ed23d4e8c696c2343c4f0d891729261148.JPG
1467,Pétiole,472126b0bc0f67c45b9a5fe0c99530e51729261182.JPG
1467,Tige,4f23593cf3f2292d18617893a355f0fe1729261206.JPG
1467,Plante entiere jeune,c887f83bc9c0c9df7f7fd173a858ad3f1729261305.JPG
3764,Plante entiere jeune,f508e19ab5095a27c404fa3b35f7ea3f1729262395.JPG
OP3,Feuille adaxiale,62e1cd8c8a0bf96dc227e9e2d2b1942a1729263910.JPG
OP3,Feuille abaxiale,b715d2ffe76711b272dcba11d70401651729264051.JPG
OP3,Pétiole,e06b3ca7bb85b4bab617f7c8984e9aa21729264093.JPG
OP3,Tige,89bd2c77c970b84839480581856ac2201729264150.JPG
OP3,Plante entiere jeune,35f7bea4991ede6428070abbdf4bcb131729264218.JPG
74F,Plante entiere adulte,a2df25c19236ee751be403c707d643181730116809.JPG
74F,Fleur,8a6f1b4e10b7df91e8001fe860ad81e21730117099.jpg
A 17,Plante entiere adulte,5267e38c403cec18952fb873fbe9d3c71730117379.JPG
A 22,Plante entiere adulte,1214672b454b24998663e7f50f2e92081730117810.JPG
A 6,Plante entiere adulte,9b9993f9473f62a75b95724a782bc75b1730117894.JPG
Kabusa,Plante entiere adulte,f78af3e144de4ca26d6dd1b8ad8d7db51730118038.JPG
Gwadikera,Plante entiere adulte,499f180a2902c14bfb2842a0c31d278c1730118244.JPG
Evolution,Plante entiere adulte,1ef53af6d8b6832a0c602e7d983e50681730118366.JPG
Hana,Plante entiere adulte,d51e5ad3f3b6a8fce2232006d8fa9f321730118563.JPG
KARUKERA,Plante entiere adulte,85671a6d252cb9b142959740a24c40161730118919.JPG
DESIRABLE,Plante entiere adulte,ec8129821f248284601305a51d46eeff1730119039.JPG
Gemma,Plante entiere adulte,e0a3512b611c9340c98a38eaf58dff6b1730119135.JPG
DEFI,Plante entiere adulte,607750fc7d41a4be7b22539661f4784d1730119236.JPG
DESIRABLE,Plante entiere jeune,d0746b4dec5973250a3a7ac9b5e5c8f31730120773.JPG
Gemma,Plante entiere jeune,f15484f5897b2bc1067d0e2c65f837bb1730121059.JPG
A 17,Plante entiere jeune,f9b51a57216a96d2a1ebf434b59f83941730121152.JPG
A 14,Plante entiere jeune,84e4823564c7357a8a68bfdf62e3958b1730122235.JPG
A 2,Plante entiere jeune,a6b5fa091e5e327d4e0b4e7557e36d5f1730122305.JPG
A 6,Plante entiere jeune,e0a3512b611c9340c98a38eaf58dff6b1730122405.JPG
REGIONAL,Plante entiere jeune,84ea5244bdf694e2af226af856991c9c1730122565.JPG
DEFI,Plante entiere jeune,2f637d1c301ad172ea5e715b330485e71730122630.JPG
C5,Plante entiere jeune,5ca97484ba30846ebf02152e3617f0b81730122741.JPG
TROPICAL,Plante entiere jeune,7c12dcedfd207b085525d60aea557e8f1730123244.JPG
74F,Plante entiere jeune,DJI_20240806085120_0041_D.JPG
Gwadikera,Plante entiere jeune,474caa0a8185264e5d0fd919225389191730123800.JPG
KARUKERA,Plante entiere jeune,aa3b2f92359d7e621166a8fdcde7fd381730124042.JPG
Hana,Plante entiere jeune,3cbdc900a64cbbe61bc1faa59d7492041730124139.JPG
CIR-A15,Plante entiere jeune,cf8d21d668076b1b102a2c3bd16bd9651730124316.JPG
Wénéféla bis,Plante entiere jeune,ff45a816aefc325c6ad41ecc5e7128471730127947.JPG
3920,Plante entiere jeune,3eb72244c85adccef3c6cf65df6b6bf71730129182.JPG
4048,Plante entiere jeune,8c4f97b97815fb24e65dc388b15936ee1730129289.JPG
1326,Plante entiere jeune,f893ef82382364b36d5d0e30dfd4b34f1730129480.JPG
3253,Plante entiere jeune,cb0d3fabd66929f67ca4f25d195adfb31730129577.JPG
Apomixie-DOU-5,Plante entiere jeune,11329fed709eb1c015953b81c299b9531730129683.JPG
3264,Plante entiere jeune,327c5971514c5b97f6edcd9a2aeb8cf41730129805.JPG
1006,Plante entiere jeune,16f2118197ad23b7ab7c6704241e04d51730130130.JPG
CIR-A31,Plante entiere jeune,bf9960444375ab5546d946fb13e6b8711730202014.JPG
Belep,Plante entiere jeune,5831d72d87ff6eaa9f4fc906173fcd991730202842.JPG
Bete Bete,Plante entiere jeune,97f32818836610d86f9d97a2d7417ad51730202919.JPG
Caplaou,Plante entiere jeune,d56177ba596a9de6fa46050a1e4aa5e21730203192.JPG
Divin,Plante entiere jeune,0403a26de1b9a5da04695f1457f6241a1730204681.JPG
Fénakué,Plante entiere jeune,11ed958ce611ddeeb0e32714f14a35f71730204811.JPG
Goana,Plante entiere jeune,414e9bf3a13687ea73a855f8073a2e1b1730205766.JPG
"H4X274, Ticoli",Plante entiere jeune,5cfe9d7062eba7b17548dbb368ee2b4e1730206125.JPG
HYB 5,Plante entiere jeune,dd5eb2b9f160958046604e88224922d91730206496.JPG
Igname Jaune,Plante entiere jeune,4766adb41973226bd56bd571898691be1730206591.JPG
INRA X 154,Plante entiere jeune,2df33be0527d0fc88b1a49b80c36ef0e1730206669.JPG
KL 21,Plante entiere jeune,a812e6c6998c028892c8e08c6cb35cdf1730206847.JPG
MP1 16H56,Plante entiere jeune,25de6fa0955a88dbb8e8ce78605a59561730206968.JPG
"Nureangdan, CT202",Plante entiere jeune,399244612ee205fc32e1516311dcd21a1730207072.JPG
Oriental,Plante entiere jeune,89755468f60c762ac77d04c1dfe2315f1730207119.JPG
Plimbite,Plante entiere jeune,8de6596ab3ea314be21dec6a40deaf2a1730207256.JPG
"Ptris, CT133",Plante entiere jeune,de06a627e3877598d50d0beed191c41d1730207363.JPG
Roujol - H4x242,Plante entiere jeune,53c14d22997d226fa804a4e6d0f828a01730207652.JPG
Sea 190,Plante entiere jeune,5f5d4850c2f50ca62c42a2ec4a36a4861730207718.JPG
TiViolet - H4x105,Plante entiere jeune,a8796535bc58640572ecb621718743de1730207866.JPG
St Martin,Plante entiere jeune,c7d43ba55a10a59335aec1d053517c001730208152.JPG
Tahiti messien,Plante entiere jeune,26299a67b97140be391707d76da8f4e91730208241.JPG
5088,Plante entiere jeune,acce553f71af2227af33ba9caea772b61730209350.JPG
Belep,Feuille adaxiale,c5d1dfc5818faf696d86fcaa2c4fd3f91730295989.jpg
Boutou,Feuille adaxiale,eb804c0a1cafc270ce97e83cb5b3b68c1730296226.jpg
Cinq,Feuille adaxiale,095d4226459799501d9f6145f96917201730296297.jpg
Goana,Feuille adaxiale,8314fd49f46393a75e5f1e80e28accd81730296490.jpg
"H4X172, KREOLINE",Feuille adaxiale,176326079bc3aa2fd2f4ce6c622b989d1730296550.jpg
Roujol - H4x242,Feuille adaxiale,5e313915a3a820d16e5cf08fa52e3eb11730296810.jpg
Toki (SEA 119),Feuille adaxiale,f5b790a29374877f61f0aba10a93c5181730296869.jpg
Wassa,Feuille adaxiale,adc8b22f8869e80a065a3027d09104181730296991.jpg
A 14,Feuille adaxiale,1adc79028d532bc630f2e1a613c8a24c1730297943.JPG
A 14,Feuille abaxiale,d0eff44b6ddca3cfc1ee55dce283cf391730297983.JPG
A 14,Pétiole,ba132a17434a095a59ba3499cbbe03591730298084.JPG
A 14,Tige,d501932f696c8a592dc827fab0bdfd201730298119.JPG
CIR-B214,Feuille adaxiale,6ac980e8c496bb30917ec261557a485b1730298288.JPG
CIR-B214,Feuille abaxiale,867639f7c4b077665903d41a6b6a70d71730298393.JPG
CIR-B214,Pétiole,a90a6508186f3588057922725addace01730298459.JPG
A 9,Feuille abaxiale,c6b245eefb10c6b4b905cea012086c231730725789.JPG
A 9,Feuille adaxiale,b2339eb1053373032a1c9de1ae7af9051730725863.JPG
A 9,Pétiole,de0ada221d6c8d09cc980d262df0293a1730726007.JPG
A 9,Tige,5137b740f39f14cfda0b4e253e636df11730726122.JPG
A 6,Feuille abaxiale,11813c8e4bddbbe6cf3db3996c5750f31730726587.JPG
A 6,Feuille adaxiale,c237a8d6e99df08927516b67838d1fb21730726630.JPG
A 6,Pétiole,4348c1152ec8f94c7d93240452a48e5e1730726708.JPG
A 6,Tige,e2425c7e82e13e28521987761d9398661730726768.JPG
Pyramide,Feuille adaxiale,10cc0dd15e1a560c1bf2a27226e201311730727067.JPG
Pyramide,Feuille abaxiale,6ac9099d220bb6e3d2d4c525dc12c4af1730727119.JPG
Pyramide,Pétiole,c951524610d34ad4689114f4d33844651730727174.JPG
Pyramide,Tige,68d8b1524f6cf9175dea75ed8ff9f4be1730727256.JPG
Evolution,Feuille adaxiale,4d862260b536830292238f368407490b1730727427.JPG
Evolution,Feuille abaxiale,25182035cdbdb5bb66c16a878f0c01c21730727512.JPG
Evolution,Pétiole,a22ec475c46621e90fd5da58bdfd20ba1730727560.JPG
Evolution,Tige,d16e9e2bd3f4916b81667ad3e77ecfa41730727620.JPG
INRA X 154,Feuille adaxiale,c514861a0b694cbabe4052f1e5e2916a1730729490.JPG
INRA X 154,Feuille abaxiale,151e50a768bb72d8677b1ed3f6b700fd1730729535.JPG
INRA X 154,Pétiole,adf6909a324d14a727c8a24c0559639a1730729627.JPG
INRA X 154,Tige,35e18b4fc6ab764126610f9f14b041e11730729680.JPG
"Peter, CT177",Feuille adaxiale,4e839d64b6f01877f315829a0ba06b7a1730729918.JPG
"Peter, CT177",Feuille abaxiale,e668071d99327ef00ccd4612304fc5061730729976.JPG
"Peter, CT177",Pétiole,8b8c6aae302a031316352ae1f0fa06ee1730730019.JPG
"Peter, CT177",Tige,c43e176857cbbad6bb0a067e40158ebb1730730061.JPG
"H4X131, Cirabel",Feuille adaxiale,223a1c7038807804386e85adf37d06951730730182.JPG
"H4X131, Cirabel",Feuille abaxiale,8fdf698c5c66de0f1f91b36d212266c21730730229.JPG
"H4X131, Cirabel",Pétiole,c6ad907e301b4123737c541ea148a4fc1730730269.JPG
"H4X131, Cirabel",Tige,47d5e76ae48c4c086b5086a7f891cc001730730310.JPG
Divin,Feuille adaxiale,3eb121b6ea51239800dcbd27856f9f661730730426.JPG
Divin,Feuille abaxiale,ae4a318fb54892f27bf8bbe56a8782cb1730730461.JPG
Divin,Pétiole,af774cdf27402ad598ba846541f48c541730730525.JPG
Divin,Tige,49e27f5734f59537f057074e54e0aeed1730730615.JPG
Bacala 1,Feuille adaxiale,8226b8a07fef20533c6592372ecb33fe1730730744.JPG
Bacala 1,Feuille abaxiale,2e16ddb2e158de5c1a29271fac1f114c1730730789.JPG
Bacala 1,Pétiole,a15819b2c6a0691587e1d16f54ee2f9e1730730844.JPG
Bacala 1,Tige,072ae28e9a60c0ca4e1a3047e46379ee1730730910.JPG
HYB 5,Feuille adaxiale,e5a343393dc66d131c4ec0d543a3ecc21730734863.JPG
HYB 5,Pétiole,17241c9d6d6f2bb66ae9bd4eefbf349d1730735017.JPG
HYB 5,Tige,6953cc08f992354a984e9ba9a9dd42f21730735058.JPG
HYB 30,Feuille adaxiale,8eb2d1fca44f51e77bbf0b81d0aeb6ba1730735204.JPG
HYB 30,Feuille abaxiale,2f637d1c301ad172ea5e715b330485e71730735258.JPG
HYB 30,Pétiole,49c028f983e18c538d69caecba38a1b41730735302.JPG
HYB 30,Tige,08f50b12b577d55c9e47732196af2d4e1730735384.JPG
HYB 30,Plante entiere jeune,6b71ae67796b1fdf16d98a9dd002e8b11730735469.JPG
"H4X131, Cirabel",Plante entiere jeune,b66dbf41780fcbb102daa45ef444e9ad1730994972.JPG
3150,Plante entiere jeune,d009f7783fc87131be00608788179d9d1730995126.JPG
4926,Plante entiere jeune,1083553dc875c3a0f0df6b2603bd609b1730995253.JPG
CIRAD235,Feuille adaxiale,60f4f3193c7056297486be560c707ca51730996323.JPG
CIRAD235,Feuille abaxiale,216d7b43dbb0a1055af91a4203ba98c11730996412.JPG
CIRAD235,Pétiole,352872062e4cbdbc18ec65b4019a39ec1730996479.JPG
CIRAD235,Tige,0b6c8a3473339f9154977bed59caef461730996506.JPG
"Toufi Tetea, CT148",Feuille adaxiale,5ca97484ba30846ebf02152e3617f0b81730996691.JPG
"Toufi Tetea, CT148",Feuille abaxiale,08ac1fe7b8712a65b8e4f42f11dfb18d1730996719.JPG
"Toufi Tetea, CT148",Pétiole,0a24ce030d8e242627bdbb0d8af3ae141730996754.JPG
"Toufi Tetea, CT148",Tige,0b6c8a3473339f9154977bed59caef461730996773.JPG
3912,Feuille adaxiale,e6f7aa32e4ceb0c873a292763a608f201730997056.JPG
3912,Feuille abaxiale,f62510ddf5da20414f7470bf502b48db1730997092.JPG
3912,Pétiole,4da0666d4d258f4a153c020eec6e878d1730997125.JPG
3912,Tige,794d9a617bb636b73263c14398d1282f1730997151.JPG
Wabé,Feuille adaxiale,f9b51a57216a96d2a1ebf434b59f83941730997345.JPG
Wabé,Feuille abaxiale,418039907aa4a2345288f58a06e2a4a21730997386.JPG
Wabé,Pétiole,f4d58dc0c902b4eedaf4a47a65ff251b1730997408.JPG
Wabé,Tige,5d83d3c046b2c88ad9d7b70b0268a4981730997431.JPG
3916,Feuille adaxiale,683e7d6fd71347f173ef8933239a139b1730997608.JPG
Boutou,Feuille abaxiale,447966f0b48be9cedfb5264d163c75f71731067411.JPG
Boutou,Pétiole,ec8129821f248284601305a51d46eeff1731067458.JPG
Boutou,Tige,499f180a2902c14bfb2842a0c31d278c1731067478.JPG
Boutou,Plante entiere jeune,a4b313b05446af3489b358d2b80bdc6d1731067717.JPG
"H4X274, Ticoli",Feuille adaxiale,654a5fd76fa99ffc2933a4e3c606ca8b1731365773.JPG
"H4X274, Ticoli",Feuille abaxiale,6b2c88907d7fc8e276c10104a60b51541731365798.JPG
"H4X274, Ticoli",Pétiole,7957961afd55effa25f0d07a49807a5f1731365819.JPG
"H4X274, Ticoli",Tige,b657d631c28dd9acbaeeb9124430cb7d1731365840.JPG
Apomixie-DOU-1,Feuille abaxiale,b73d1a4be4c24ff1f0335a855cc1ac7c1731367675.JPG
Apomixie-DOU-1,Pétiole,57b1f5dd07fe8c42a336b3863e1df5681731367763.JPG
Apomixie-DOU-1,Tige,a6b5fa091e5e327d4e0b4e7557e36d5f1731367783.JPG
Apomixie-DOU-1,Feuille adaxiale,6b9ccabba3c331310da27cf7f94b16df1731367834.JPG
Pas possible IRAT,Feuille adaxiale,566c57dd3bee66dfe472d046a78053611731368467.JPG
Pas possible IRAT,Feuille abaxiale,41578ffaff75336bb4262514822fb1a01731368496.JPG
Pas possible IRAT,Pétiole,aa3b2f92359d7e621166a8fdcde7fd381731368524.JPG
Pas possible IRAT,Tige,4f1fab09c84acfc33d4126df727271da1731368545.JPG
"Peter, CT177",Plante entiere jeune,8587a992001a1c8bc8ba8fb7a9d9b81c1731678164.JPG
Patte à cheval,Feuille adaxiale,d5bbe3f865f9629ba0731d672f8d96f21732890031.JPG
Patte à cheval,Feuille abaxiale,57a7b324de4b5e1873c434c006015c641732890075.JPG
Patte à cheval,Pétiole,5be0f4fba7792a759b58ebf785579b3e1732890130.JPG
Patte à cheval,Tige,ac49c8184e4ddb923aa19f5b775c51dc1732890166.JPG
Ado,Feuille adaxiale,ad4311918350abfd904c7b6ebbbfba5a1732890342.JPG
Ado,Feuille abaxiale,9c922ecb0fbaee9a3ee67bb81e352a951732890414.JPG
Ado,Pétiole,5ab5a703654a699f4aba450eca6781901732890460.JPG
Ado,Tige,2535b0fbd3c30e81e4e93fa1ed6dbd751732890509.JPG
Elie,Plante entiere adulte,7fac2bdd5d945f7220adfd7fe27f81c11732891162.JPG
A 2,Plante entiere adulte,5267e38c403cec18952fb873fbe9d3c71733146125.JPG
A 17,Plante en floraison,5267e38c403cec18952fb873fbe9d3c71733146322.JPG
A 22,Plante entiere jeune,e1c5ed13fb0999934e92c8c61f9b90881733147307.JPG
A 24,Plante entiere jeune,93edc41f5bcc938f30d4a1f5a9cbd5131733147507.JPG
A 24,Plante entiere adulte,1214672b454b24998663e7f50f2e92081733147673.JPG
"H4X172, KREOLINE",Plante entiere jeune,07c0145ce26c867bf7fcdcfc90e5ff4d1733149588.JPG
Wassa,Plante entiere jeune,a3136ec9858643d0988d35d44b27e2c61733150582.JPG
3916,Plante entiere jeune,ed730bba69ed94c59547f1b2624d69c21733323113.JPG
Automixie-61F-2,Plante entiere jeune,2d21b3863fe80e47e242441e2cfd6bf01733353018.JPG
4929,Plante entiere jeune,37964f028732184119263613fbab06101733353817.JPG
3753,Plante entiere jeune,163a46cb47237415347b9525c191399e1733353908.JPG
Manlankon,Plante entiere jeune,69927d71b23181987193d002829c49051733354024.JPG
3132,Plante entiere jeune,f9c36dbfc03b0f0f9db5403089c08ab51733354122.JPG
3135,Plante entiere jeune,44d03e5db01793e777020612a91ab8841733403171.JPG
4823,Plante entiere jeune,d5409d1647caf9b42b21d37fc68b01151733403332.JPG
4678,Plante entiere jeune,731b9ece8490dd16775f09477a2a80c31733403400.JPG
5146,Plante entiere jeune,181429a67688e64db35883c0bd3a40381733403471.JPG
3187,Plante entiere jeune,f1ddb0bfd11ed9f7bd18dbd7e36de29e1733403560.JPG
4128,Plante entiere jeune,d71b7444e6c6214bc101ce624430fb3b1733403682.JPG
4126,Plante entiere jeune,8d7eaae998fbb6e516cabcd4372393411733403851.JPG
1185,Plante entiere jeune,91380e94c5d24893d602cc2609cc559f1733403939.JPG
AIA445,Plante entiere jeune,8fa00794b8325cd015fb00dd10c9e0761733405087.JPG
4890,Plante entiere jeune,c8e0d746746b6c5bdae70bbe7b4383611733405537.JPG
4838,Plante entiere jeune,88459b60697260793e2e9d10d35ff3901733405618.JPG
1414,Plante entiere jeune,ef6905e51f891a39086ab05ce692334f1733405687.JPG
CHIYAZI,Plante entiere jeune,5d004731b5fe6466b9eb3cac8300bcee1733405886.JPG
CHIYAZI,Plante entiere adulte,ffbc3cf5d2a370e255d440f57fcc11e11733405959.JPG
CHIYAZI,Feuille adaxiale,f49d0e6dde59a172e61f5473164222eb1733406477.JPG
CHIYAZI,Feuille abaxiale,ebbdd16068e2c3ecb599fe6a8a28e8a71733406514.JPG
CHIYAZI,Pétiole,e8cf094b55fa559697c966224eaf6d851733406556.JPG
CHIYAZI,Tige,14014cb8a28171a2f1603fa8774ac5101733406642.JPG
Patte à cheval,Plante entiere adulte,0e238cbc4fe8357ed85fa0500871c73d1733406839.JPG
LABOKO,Plante entiere jeune,11f1f9255469468a310ba05c9795c04f1733407021.JPG
LABOKO,Plante entiere adulte,b3402c0adb2aecc3bba2e497feec2d771733407086.JPG
3754,Plante entiere jeune,4276f790428f51e3f6fdfd9adc26aa9e1733411592.JPG
3121,Plante entiere jeune,51f0f0f5d1bd8e464eb6a21c9eb342901733411668.JPG
1186,Plante entiere jeune,edfb533550a11d856bf6a302e1192ac11733749323.JPG
4878,Plante entiere jeune,76be2e3521f96657c83b969c1ac602f01733749458.JPG
3203,Plante entiere jeune,bfceef6ff638f1c6b44d3545ab4bbf661733749564.JPG
3762,Plante entiere jeune,ee4e9b3140406f109088848ffe4a8e4e1733749634.JPG
4144,Plante entiere jeune,c83e343e7545ae3cf0f5bac09df0f8e01733749699.JPG
2841,Plante entiere jeune,47ce9e852590af62cd8cb34825780a091733750075.JPG
4948,Plante entiere jeune,8dfdd0b6cc580200a309d9150e3e36731733750162.JPG
Kinabayo,Plante entiere jeune,d2a0e369893325966d7fbf290544978c1733750431.JPG
TiViolet - H4x105,Fleur,aa0f7da3b4219cf79699eec868f919131733759409.JPG
Tahiti messien,Fleur,81fad8fb93fd59e8ec5e7cfdadae1d1f1733759493.JPG
LABOKO,Tubercule forme,582801e0d6cb4252fdf4445976656bda1734094171.jpg
61F,Plante en floraison,5d586c199d017195d74bcf8e9c8225551734098128.JPG
Boutou,Plante en floraison,4d1b9c66840df1e9bd9961782975e98e1734098351.JPG
