code,langue,octets
CIRAD1,fr,533502
CIRAD102,fr,496611
CIRAD103,fr,476181
CIRAD104,fr,492827
CIRAD105,fr,481007
CIRAD106,fr,483021
CIRAD107,fr,468238
CIRAD108,fr,521531
CIRAD109,fr,521801
CIRAD11,fr,523544
CIRAD110,fr,507075
CIRAD111,fr,436250
CIRAD112,fr,478018
CIRAD116,fr,655962
CIRAD12,fr,554495
CIRAD120,fr,492298
CIRAD121,fr,488467
CIRAD122,fr,484543
CIRAD123,fr,498527
CIRAD124,fr,487868
CIRAD125,fr,496399
CIRAD126,fr,481080
CIRAD127,fr,480098
CIRAD128,fr,474470
CIRAD129,fr,481082
CIRAD13,fr,536567
CIRAD130,fr,477109
CIRAD131,fr,477400
CIRAD133,fr,503473
CIRAD134,fr,464368
CIRAD135,fr,476413
CIRAD136,fr,496564
CIRAD137,fr,785489
CIRAD138,fr,472677
CIRAD139,fr,490152
CIRAD14,fr,530003
CIRAD140,fr,479959
CIRAD141,fr,489560
CIRAD142,fr,492586
CIRAD143,fr,463984
CIRAD144,fr,496187
CIRAD145,fr,476406
CIRAD146,fr,473350
CIRAD147,fr,486119
CIRAD148,fr,464478
CIRAD149,fr,509816
CIRAD15,fr,547993
CIRAD150,fr,408499
CIRAD151,fr,484286
CIRAD152,fr,467537
CIRAD153,fr,469815
CIRAD154,fr,462401
CIRAD155,fr,503611
CIRAD156,fr,351132
CIRAD157,fr,485997
CIRAD158,fr,481489
CIRAD159,fr,491161
CIRAD160,fr,476991
CIRAD161,fr,470808
CIRAD162,fr,461733
CIRAD163,fr,473751
CIRAD164,fr,473929
CIRAD165,fr,390628
CIRAD166,fr,480518
CIRAD167,fr,470222
CIRAD168,fr,488135
CIRAD169,fr,459851
CIRAD170,fr,463537
CIRAD171,fr,489260
CIRAD172,fr,482090
CIRAD173,fr,489335
CIRAD174,fr,498414
CIRAD175,fr,443995
CIRAD176,fr,441946
CIRAD177,fr,471156
CIRAD178,fr,468368
CIRAD179,fr,461366
CIRAD18,fr,551698
CIRAD180,fr,458947
CIRAD181,fr,462927
CIRAD182,fr,475519
CIRAD183,fr,546937
CIRAD184,fr,443853
CIRAD185,fr,472716
CIRAD186,fr,462310
CIRAD188,fr,480866
CIRAD189,fr,475815
CIRAD19,fr,549389
CIRAD190,fr,462487
CIRAD191,fr,476519
CIRAD198,fr,313447
CIRAD199,fr,314348
CIRAD2,fr,548755
CIRAD20,fr,531329
CIRAD200,fr,311013
CIRAD201,fr,314441
CIRAD202,fr,477961
CIRAD204,fr,448332
CIRAD205,fr,452369
CIRAD207,fr,462958
CIRAD208,fr,473073
CIRAD21,fr,471123
CIRAD210,fr,494535
CIRAD211,fr,465148
CIRAD212,fr,453174
CIRAD213,fr,464371
CIRAD214,fr,470271
CIRAD215,fr,475348
CIRAD216,fr,476538
CIRAD217,fr,486981
CIRAD218,fr,448051
CIRAD219,fr,434817
CIRAD22,fr,551508
CIRAD221,fr,343717
CIRAD222,fr,442510
CIRAD223,fr,452006
CIRAD224,fr,451671
CIRAD225,fr,447168
CIRAD226,fr,459311
CIRAD227,fr,499352
CIRAD228,fr,447821
CIRAD229,fr,435687
CIRAD23,fr,541712
CIRAD230,fr,452975
CIRAD231,fr,442467
CIRAD232,fr,449619
CIRAD233,fr,452700
CIRAD234,fr,428806
CIRAD235,fr,427522
CIRAD236,fr,499922
CIRAD237,fr,461015
CIRAD238,fr,453176
CIRAD239,fr,455602
CIRAD24,fr,579046
CIRAD240,fr,463039
CIRAD241,fr,452545
CIRAD242,fr,454339
CIRAD243,fr,456875
CIRAD244,fr,456264
CIRAD245,fr,463018
CIRAD246,fr,452989
CIRAD247,fr,448859
CIRAD248,fr,445096
CIRAD249,fr,459929
CIRAD257,fr,408404
CIRAD26,fr,539008
CIRAD265,fr,436902
CIRAD269,fr,422285
CIRAD27,fr,564316
CIRAD272,fr,425576
CIRAD273,fr,416696
CIRAD274,fr,389452
CIRAD275,fr,425550
CIRAD276,fr,417453
CIRAD277,fr,428137
CIRAD279,fr,393955
CIRAD280,fr,490304
CIRAD29,fr,561678
CIRAD3,fr,526987
CIRAD30,fr,431736
CIRAD300,fr,422488
CIRAD301,fr,439614
CIRAD32,fr,529036
CIRAD34,fr,537524
CIRAD36,fr,534990
CIRAD37,fr,484561
CIRAD38,fr,471273
CIRAD39,fr,457930
CIRAD4,fr,529681
CIRAD40,fr,468199
CIRAD41,fr,476048
CIRAD42,fr,479597
CIRAD43,fr,487881
CIRAD45,fr,464359
CIRAD47,fr,477354
CIRAD48,fr,499945
CIRAD49,fr,466930
CIRAD5,fr,540822
CIRAD50,fr,464453
CIRAD51,fr,469023
CIRAD52,fr,362381
CIRAD53,fr,465319
CIRAD54,fr,482585
CIRAD56,fr,385041
CIRAD57,fr,472477
CIRAD58,fr,517626
CIRAD59,fr,314279
CIRAD6,fr,455521
CIRAD60,fr,465491
CIRAD61,fr,459721
CIRAD62,fr,463033
CIRAD63,fr,462992
CIRAD64,fr,472137
CIRAD65,fr,491470
CIRAD66,fr,467204
CIRAD67,fr,470799
CIRAD68,fr,473282
CIRAD69,fr,473835
CIRAD70,fr,466406
CIRAD72,fr,313481
CIRAD73,fr,485750
CIRAD74,fr,481860
CIRAD75,fr,483903
CIRAD76,fr,484955
CIRAD77,fr,462032
CIRAD78,fr,474948
CIRAD79,fr,313335
CIRAD8,fr,461301
CIRAD80,fr,433366
CIRAD82,fr,470623
CIRAD85,fr,494765
CIRAD86,fr,468356
CIRAD87,fr,463288
CIRAD88,fr,462619
CIRAD90,fr,469895
CIRAD91,fr,474867
CIRAD92,fr,501527
CIRAD93,fr,490578
CIRAD95,fr,462045
CIRAD96,fr,478217
CIRAD97,fr,395502
CIRAD98,fr,489050
CIRAD1,en,533352
CIRAD102,en,496466
CIRAD103,en,475951
CIRAD104,en,492549
CIRAD105,en,480873
CIRAD106,en,482882
CIRAD107,en,468000
CIRAD108,en,521444
CIRAD109,en,521644
CIRAD11,en,523551
CIRAD110,en,506957
CIRAD111,en,436245
CIRAD112,en,478042
CIRAD116,en,655819
CIRAD12,en,554178
CIRAD120,en,492344
CIRAD121,en,488351
CIRAD122,en,484367
CIRAD123,en,498319
CIRAD124,en,487672
CIRAD125,en,496221
CIRAD126,en,480902
CIRAD127,en,479836
CIRAD128,en,474346
CIRAD129,en,480700
CIRAD13,en,536629
CIRAD130,en,477094
CIRAD131,en,477402
CIRAD133,en,503344
CIRAD134,en,464360
CIRAD135,en,476251
CIRAD136,en,496447
CIRAD137,en,785458
CIRAD138,en,472669
CIRAD139,en,490011
CIRAD14,en,529969
CIRAD140,en,479876
CIRAD141,en,489571
CIRAD142,en,492381
CIRAD143,en,463963
CIRAD144,en,495997
CIRAD145,en,476315
CIRAD146,en,473377
CIRAD147,en,485944
CIRAD148,en,464322
CIRAD149,en,509679
CIRAD15,en,548092
CIRAD150,en,407994
CIRAD151,en,484035
CIRAD152,en,467484
CIRAD153,en,469724
CIRAD154,en,462272
CIRAD155,en,503538
CIRAD156,en,350954
CIRAD157,en,485890
CIRAD158,en,481358
CIRAD159,en,491090
CIRAD160,en,476808
CIRAD161,en,470659
CIRAD162,en,461707
CIRAD163,en,473716
CIRAD164,en,473698
CIRAD165,en,390342
CIRAD166,en,480350
CIRAD167,en,470033
CIRAD168,en,488133
CIRAD169,en,459839
CIRAD170,en,463432
CIRAD171,en,489227
CIRAD172,en,481930
CIRAD173,en,489220
CIRAD174,en,498404
CIRAD175,en,443821
CIRAD176,en,441859
CIRAD177,en,471022
CIRAD178,en,468303
CIRAD179,en,461041
CIRAD18,en,551660
CIRAD180,en,458870
CIRAD181,en,462697
CIRAD182,en,475390
CIRAD183,en,546759
CIRAD184,en,443706
CIRAD185,en,472609
CIRAD186,en,462202
CIRAD188,en,480748
CIRAD189,en,475722
CIRAD19,en,549196
CIRAD190,en,462434
CIRAD191,en,476422
CIRAD198,en,313264
CIRAD199,en,314139
CIRAD2,en,548582
CIRAD20,en,531118
CIRAD200,en,310793
CIRAD201,en,314273
CIRAD202,en,477761
CIRAD204,en,448291
CIRAD205,en,452372
CIRAD207,en,462619
CIRAD208,en,472917
CIRAD21,en,470937
CIRAD210,en,494402
CIRAD211,en,464974
CIRAD212,en,453055
CIRAD213,en,464302
CIRAD214,en,470132
CIRAD215,en,475098
CIRAD216,en,476321
CIRAD217,en,486742
CIRAD218,en,447741
CIRAD219,en,434781
CIRAD22,en,551470
CIRAD221,en,343459
CIRAD222,en,442437
CIRAD223,en,451870
CIRAD224,en,451492
CIRAD225,en,447061
CIRAD226,en,459214
CIRAD227,en,499130
CIRAD228,en,447546
CIRAD229,en,435634
CIRAD23,en,541579
CIRAD230,en,452906
CIRAD231,en,442264
CIRAD232,en,449448
CIRAD233,en,452504
CIRAD234,en,428488
CIRAD235,en,427400
CIRAD236,en,499865
CIRAD237,en,460743
CIRAD238,en,452996
CIRAD239,en,455403
CIRAD24,en,578888
CIRAD240,en,463007
CIRAD241,en,452443
CIRAD242,en,454079
CIRAD243,en,456692
CIRAD244,en,456056
CIRAD245,en,462972
CIRAD246,en,452815
CIRAD247,en,448638
CIRAD248,en,444884
CIRAD249,en,459787
CIRAD257,en,408271
CIRAD26,en,538904
CIRAD265,en,436746
CIRAD269,en,422130
CIRAD27,en,564187
CIRAD272,en,425385
CIRAD273,en,416564
CIRAD274,en,389441
CIRAD275,en,425379
CIRAD276,en,417171
CIRAD277,en,428055
CIRAD279,en,393974
CIRAD280,en,490354
CIRAD29,en,561514
CIRAD3,en,526868
CIRAD30,en,431656
CIRAD300,en,422403
CIRAD301,en,439404
CIRAD32,en,529135
CIRAD34,en,537415
CIRAD36,en,535063
CIRAD37,en,484558
CIRAD38,en,471263
CIRAD39,en,457858
CIRAD4,en,529335
CIRAD40,en,468223
CIRAD41,en,475859
CIRAD42,en,479390
CIRAD43,en,487819
CIRAD45,en,464289
CIRAD47,en,477109
CIRAD48,en,499618
CIRAD49,en,466884
CIRAD5,en,540560
CIRAD50,en,464391
CIRAD51,en,468846
CIRAD52,en,362060
CIRAD53,en,465092
CIRAD54,en,482561
CIRAD56,en,384770
CIRAD57,en,472480
CIRAD58,en,517358
CIRAD59,en,314122
CIRAD6,en,455392
CIRAD60,en,465508
CIRAD61,en,459614
CIRAD62,en,463076
CIRAD63,en,462857
CIRAD64,en,472017
CIRAD65,en,491383
CIRAD66,en,467067
CIRAD67,en,470779
CIRAD68,en,473063
CIRAD69,en,473849
CIRAD70,en,466362
CIRAD72,en,313369
CIRAD73,en,485700
CIRAD74,en,481695
CIRAD75,en,483853
CIRAD76,en,484970
CIRAD77,en,462012
CIRAD78,en,474988
CIRAD79,en,313175
CIRAD8,en,461302
CIRAD80,en,433259
CIRAD82,en,470485
CIRAD85,en,494558
CIRAD86,en,468381
CIRAD87,en,463133
CIRAD88,en,462697
CIRAD90,en,469712
CIRAD91,en,474596
CIRAD92,en,501493
CIRAD93,en,490538
CIRAD95,en,461956
CIRAD96,en,478075
CIRAD97,en,395219
CIRAD98,en,488892
